team,seed,region,adj_off,adj_def,adj_tempo,net_rating,eFG,opp_eFG,to_rate,forced_to_rate,orb_rate,drb_rate,ft_rate,opp_ft_rate,fg3_rate,opp_fg3_rate,stl_rate,opp_stl_rate
Arizona,1.0,West,127.696,90.0515,69.8801,37.645,55.0507491541808,45.0211366838891,15.1553266968883,16.7160378472454,38.0701754385965,73.121387283237,42.8709521507975,27.7125410991076,26.8245529241179,37.2005636449037,0.109249780524994,0.0841962594271574
Duke,1.0,East,128.001,89.0857,65.4237,38.9156,56.7724068479355,46.1793173713704,15.6928067330031,18.1475474510148,38.0952380952381,75.1987281399046,37.7643504531722,23.7391747325522,44.3605236656596,45.6953642384106,0.11528514443519,0.0942445097093762
Florida,1.0,South,125.554,91.7472,70.6229,33.8067,53.5546139359699,46.2962962962963,16.4766519777732,15.3893602228948,43.1356620633631,75.194401244168,39.0772128060264,34.0246913580247,37.1468926553672,33.7283950617284,0.0924197991646672,0.0911652317551921
Michigan,1.0,Midwest,126.703,88.3483,71.2353,38.3549,58.2492431886983,44.4232602478551,16.8642062492424,15.8101933586648,35.44921875,72.2430607651913,38.5973763874874,25.9294566253575,41.9273461150353,42.278360343184,0.0809481899963637,0.090223503433447
Houston,2.0,South,124.871,91.4713,63.36,33.3997,52.1210676835081,46.5896279594138,13.0487295549209,21.0405120158933,35.8381502890173,69.1452991452991,26.930409914204,39.0642615558061,40.8007626310772,40.9244644870349,0.118747954081114,0.0704360488085697
Iowa State,2.0,Midwest,123.846,91.4572,66.6304,32.3886,56.4697265625,49.5166487647691,15.0556768853299,22.3893876890722,35.3198948290973,71.88612099644129,33.984375,27.8732545649839,38.76953125,42.8034371643394,0.131575399714201,0.0979266089676184
Purdue,2.0,West,131.024,100.527,64.6497,30.4966,57.6583210603829,52.283341982356,13.8108076295744,15.7389398635734,36.6729678638941,73.8116591928251,28.325969563083,26.5697976128697,41.3843888070692,45.1997924234562,0.0851965405720499,0.0793673035855413
UConn,2.0,East,122.008,94.1463,64.5342,27.8621,55.3410230692076,45.656894679696,16.8414538462389,18.0349427014841,35.7142857142857,71.3204373423045,29.9899699097292,40.1737242128122,40.320962888666,36.2106406080347,0.103435700787924,0.0884065818700202
Gonzaga,3.0,West,122.066,93.9001,68.6664,28.1657,56.2619502868069,46.1902259590121,13.6792452830189,20.4974271012007,34.8017621145374,74.1157556270096,31.1185468451243,30.9511297950604,30.9751434034417,43.7204414083027,0.120497427101201,0.0754716981132075
Illinois,3.0,South,131.216,99.1185,65.6051,32.0972,55.0655241935484,47.6284584980237,13.2427252134518,11.6164256258349,38.7155963302752,73.0066445182724,32.9133064516129,20.602766798419,50.7056451612903,42.1936758893281,0.0557588430040077,0.0817796364058779
Michigan State,3.0,East,123.095,94.7832,66.1172,28.3113,53.6019210245464,48.5973597359736,17.0884606454609,14.8130949616903,38.4324834749764,77.36185383244211,36.179295624333,30.9130913091309,36.392742796158,45.984598459846,0.0761550963547713,0.0970513118179707
Virginia,3.0,Midwest,122.539,95.8198,65.8201,26.7195,54.6426835196889,45.3257086026852,15.9777700590483,15.5870093782563,37.8698224852071,70.77872012336161,33.0578512396694,33.0183988065639,46.524064171123,37.5435106911984,0.0950850989927058,0.0950850989927058
Alabama,4.0,Midwest,129.008,103.313,73.1619,25.6957,55.3842504743833,49.1836734693878,13.013470813238,12.6392815566273,31.8403908794788,67.23372781065089,37.1916508538899,32.6530612244898,53.6527514231499,35.0566893424036,0.0856477631797772,0.0852319973390986
Arkansas,4.0,West,127.518,102.097,71.17,25.4208,56.2617702448211,51.5417457305503,12.2389059159863,15.8652484096119,32.5991189427313,68.5308848080134,36.6760828625235,31.5939278937381,33.1450094161959,38.1878557874763,0.100136502948979,0.0663455842583769
Kansas,4.0,East,118.353,93.9199,67.7245,24.4333,51.5657084188912,45.2346743295019,15.5128438193767,13.9703735532455,29.4792586054722,69.8599852616065,32.5975359342916,27.6819923371648,35.6776180698152,42.0019157088123,0.0797677480484997,0.095633156500135
Nebraska,4.0,South,118.573,92.4596,66.7922,26.1132,55.4405520169851,47.8016085790885,14.3807795350445,19.1743727133927,26.2616822429907,72.3422644770959,27.1762208067941,24.8257372654156,50.7430997876858,49.2761394101877,0.106934001670844,0.0742085097801976
St. John's,5.0,East,120.089,94.1908,69.6472,25.8979,51.0033444816054,47.358024691358,14.7338010730499,19.3974411886092,35.9450726978998,69.7991967871486,41.9015766841854,31.7530864197531,33.7792642140468,33.7283950617284,0.111019397441189,0.0870821295914156
Texas Tech,5.0,Midwest,125.047,99.8823,66.2649,25.1652,56.1955965181772,49.4282744282744,15.8531067621977,14.7076510712874,33.273219116321,69.9054170249355,27.0865335381464,31.6008316008316,48.0286738351254,35.031185031185,0.0847637211273575,0.0884291793382703
Vanderbilt,5.0,South,127.309,99.178,69.0148,28.1309,55.5968301139178,48.2936918304033,13.4198260943422,18.0063489367124,31.4387211367673,68.0904522613065,38.6825160970778,41.416752843847,43.8335809806835,37.7973112719752,0.114663071059253,0.0726199450041937
Wisconsin,5.0,West,125.403,102.017,68.7807,23.3866,54.4634377967711,51.3304305757136,12.7960938239906,14.4797903797788,29.4166666666667,71.825063078217,31.9088319088319,30.4789550072569,52.6115859449193,40.1548137397194,0.0812383588167822,0.065243241536794
BYU,6.0,West,125.476,102.233,70.008,23.2434,54.6528105810109,51.1761881901104,15.3482205526815,16.4712610809265,34.5648604269294,70.7062600321027,34.1521020311762,28.900624099856,39.8205007085498,39.1742678828613,0.101905529414823,0.0890113603868251
Louisville,6.0,East,124.069,98.6563,69.7347,25.4129,56.4484126984127,48.7525458248473,16.3954549578639,16.6943304388666,32.8646748681898,73.1209150326797,33.4821428571429,33.4012219959267,52.8273809523809,39.1038696537678,0.0969210488394558,0.0922244341379844
North Carolina,6.0,South,121.416,100.566,67.9974,20.8506,54.5646437994723,48.1674096087172,14.0382758816514,13.6293940598558,31.3921747042766,71.8878812860676,37.4142480211082,23.8236750866766,42.2691292875989,36.9489846458643,0.0776875461411778,0.0835936169004486
Tennessee,6.0,Midwest,121.08,95.0107,65.0525,26.0697,51.5617253346554,47.7032734952482,17.1460700428095,16.2999003523851,45.0596252129472,72.0987654320988,38.7208725830441,36.2196409714889,31.7302925136341,44.4033790918691,0.110447412223812,0.105103182600079
Kentucky,7.0,Midwest,120.548,99.0396,68.4232,21.5087,53.1113271754983,48.7841191066998,15.0439308063463,15.8867280503993,33.7770382695508,69.9115044247788,37.4817695673311,36.9727047146402,39.1832766164317,39.5533498759305,0.101135669286361,0.0948146899559638
Miami,7.0,West,121.388,100.703,67.6383,20.6855,55.620253164557,51.7395888244597,16.1705335729777,18.3557408125693,36.9624885635865,73.7076648841355,37.4683544303797,29.0458618871903,31.6455696202532,40.9066947812335,0.113630776458762,0.096586159989948
Saint Mary's,7.0,South,120.292,97.1513,65.2406,23.1406,53.0039303761931,46.6814159292035,16.4787089247521,15.1662453820727,37.4136229022705,76.0176991150442,35.8787198203257,25.7190265486726,36.1033127456485,36.7809734513274,0.0826365934279603,0.0806922029943613
UCLA,7.0,East,123.758,102.119,64.7197,21.6391,53.9314516129032,50.4471330878485,13.3698569491713,18.106859245732,31.1009174311927,67.586821015138,33.0645161290323,34.6659652814308,35.8870967741936,44.660704892162,0.0987244403862649,0.0726045211809302
Clemson,8.0,South,116.551,97.3083,64.2982,19.2428,52.6219192448873,48.9195029713668,14.2236886840301,17.4786393860182,28.1527531083481,74.3006993006993,37.1263765076036,33.1172339276067,42.8945988463555,42.9497568881686,0.0954191027706096,0.0842720113254449
Georgia,8.0,Midwest,124.7,104.221,71.4624,20.4791,54.6018121125417,50.1449275362319,14.29260012155,18.4420646729677,35.1602023608769,65.1821862348178,36.9575584167859,30.7729468599034,43.9198855507868,37.536231884058,0.112328939371712,0.0934677368652681
Ohio State,8.0,East,124.39,102.108,66.1244,22.2824,56.5135135135135,50.3695881731785,15.4853811699566,15.7554750275721,30.6920762286861,70.0444444444444,37.7837837837838,35.1108764519535,40.0540540540541,40.4963041182682,0.0706745594093948,0.0810281572846564
Villanova,8.0,West,120.403,100.447,65.278,19.9564,53.7133891213389,51.2792596624932,15.1082857325485,18.7342743083601,32.4253075571177,68.2156133828996,31.2761506276151,28.9058247142079,45.6589958158996,36.9080021774633,0.110639138595278,0.0762387341580908
Iowa,9.0,South,121.773,99.3642,63.0788,22.4088,56.5559932470456,52.6769230769231,15.2370975709924,20.9986250900239,30.0930713547053,71.957671957672,34.4963421496905,39.1384615384615,41.8120427687113,39.2,0.111897435286975,0.07999476224771
Saint Louis,9.0,Midwest,119.475,101.148,71.0591,18.3268,59.7477666841829,44.7599380485287,17.4215270989465,16.1181709568806,31.1459353574927,73.0109204368175,34.6820809248555,37.1708828084667,45.139253809774,41.6107382550336,0.0981861627022917,0.1029651352232
TCU,9.0,East,115.423,97.8237,67.7521,17.5995,50.9,51.015625,15.5249619670686,19.6534837090037,34.3959731543624,70.8860759493671,38.7,30.3645833333333,36.85,38.125,0.109233804422034,0.0881611413642399
Utah State,9.0,West,122.127,101.388,67.7791,20.7384,56.5988523735003,49.590387766248,15.3756088939945,20.5891774270156,33.1491712707182,67.7816901408451,38.7063119457486,38.8858547241944,40.7407407407407,40.9066084107045,0.126362762749495,0.0821799785713497
Missouri,10.0,West,119.494,104.123,66.2435,15.3702,55.3483269336259,51.4453961456103,17.9641737217254,16.5578873950247,35.5023923444976,68.6327077747989,42.4574876577071,35.0642398286938,36.039495337356,43.0942184154176,0.0966254798668564,0.0952645576152106
Santa Clara,10.0,Midwest,123.684,104.263,69.2405,19.4206,54.622243078367,51.7769272826681,15.6367398050852,20.079490390374,36.7120954003407,67.70929162833491,25.7625527921164,38.3269546200109,44.9554199906147,38.1629305631493,0.12587793324985,0.0923395219687483
Texas A&M,10.0,South,119.712,101.049,70.5396,18.6633,54.1888619854722,50.7549068948163,14.5668110366749,18.2716647107425,32.2607260726073,67.49379652605461,37.3849878934625,35.5812783090086,46.2953995157385,41.4695520885757,0.109040579725399,0.0892532930570832
UCF,10.0,East,120.478,105.429,69.2945,15.0491,52.8259791769955,52.3722627737226,15.7136429974432,15.8014287125128,34.4048653344917,71.4671467146715,30.8378780366881,35.245046923879,34.407535944472,39.6767466110532,0.0794460721379114,0.0833964293160395
Miami (OH),11.0,Midwest,116.806,108.547,70.0338,8.25969,59.1603053435115,50.8436445444319,14.4550241907683,17.4506377566183,25.3246753246753,71.8867924528302,40.223135642983,30.8773903262092,44.6271285965942,36.7829021372328,0.0974763144443256,0.0870154416746906
NC State,11.0,West,124.077,104.479,69.1438,19.5982,55.3339980059821,53.0484627410109,13.14279866202,18.1844624110572,28.4588441330998,69.6917808219178,35.1944167497508,36.529442417926,43.9182452642074,45.3361125586243,0.114622440790076,0.0732549433620787
SMU,11.0,Midwest,122.926,104.819,68.6229,18.1071,55.7460164171898,51.4250614250614,15.8660952603762,17.1421887129534,35.4020979020979,68.48979591836729,30.6132303235152,32.039312039312,35.9729599227426,47.1744471744472,0.0995352893010198,0.0944309154907111
South Florida,11.0,East,117.687,101.871,71.6662,15.8159,51.1508325171401,48.668407310705,15.2287832656438,18.8196611379405,38.3822363203806,68.1336593317033,41.2340842311459,38.9033942558747,44.0254652301665,39.6344647519582,0.118109597486385,0.0860945417574751
Texas,11.0,West,124.987,105.958,66.9631,19.0294,54.2202347680268,51.1686143572621,15.3035931950333,13.3906440456542,35.6656948493683,73.0769230769231,46.1710452766909,40.6789092932666,36.1654555617664,33.2776850306066,0.0807171226445356,0.0919148737628526
VCU,11.0,South,119.959,102.979,68.7113,16.9791,54.1992696922274,48.8211173757048,15.3888071494741,17.2197700397798,32.8358208955224,69.8584512905912,44.0271257172666,33.1112250128139,43.8184663536776,34.5463864684777,0.105498337965234,0.0915481445152853
Akron,12.0,Midwest,118.87,106.068,70.3528,12.8026,58.4623065401897,50.5675954592363,15.532191454004,18.3402712648974,33.5221907459868,70.1429772918419,29.0564153769346,30.2889576883385,45.1323015476785,43.2404540763674,0.101792893144885,0.0881912565608701
High Point,12.0,West,117.076,108.672,69.9806,8.40355,54.7179757511861,50.0564971751412,13.039898027095,21.9286866476407,32.0720720720721,68.3440073193047,42.9098576700053,36.3841807909604,42.9098576700053,41.4124293785311,0.145288829229225,0.0685835467169011
McNeese,12.0,South,114.306,101.805,66.2315,12.5017,50.9573304157549,48.9480198019802,14.2978805071429,24.6134654367931,35.0277264325323,65.0336215177714,38.3479212253829,42.1410891089109,35.1203501094092,46.7821782178218,0.153054492677134,0.0671712507046984
Northern Iowa,12.0,East,110.026,98.1897,62.3511,11.836,54.1666666666667,47.2085385878489,14.5499752512288,18.1414248385574,22.0338983050847,73.6888111888112,25.6989247311828,29.3377120963328,39.5698924731183,41.4887794198139,0.0971533157597873,0.08932579742843
California Baptist,13.0,East,107.953,101.957,65.8887,5.99655,48.5947879407256,46.4094319399786,18.1252776543758,17.1479342514438,37.8199834847234,72.7580372250423,36.1267245784364,37.1382636655949,32.1410321921308,31.7256162915327,0.0804087072412261,0.0999555752998667
Hawaii,13.0,West,107.156,101.186,69.7454,5.96985,51.9759450171821,46.420581655481,18.9371848090844,16.9245371482155,31.4009661835749,75.0892857142857,42.4398625429553,36.0738255033557,39.6907216494845,32.4384787472036,0.0901117248161744,0.10703626196439
Hofstra,13.0,Midwest,114.588,105.123,64.781,9.46498,51.4721627408994,45.8829902491874,16.1501009381309,15.0100938130863,34.8837209302326,69.4605809128631,32.4946466809422,35.373781148429,43.1477516059957,40.6283856988082,0.0726754542215889,0.0769504809405059
Troy,13.0,South,110.743,109.021,64.965,1.72129,51.8827326519634,50.0798296966472,16.9877842597561,16.895459345301,34.7708894878706,68.3655536028119,36.3098440021517,32.1447578499202,45.5621301775148,38.3714741883981,0.103865528762096,0.0969411601779563
Kennesaw State,14.0,West,110.648,110.085,71.2431,0.563043,50.7192328183271,48.5013623978202,16.7369604166435,16.0692625276816,35.4700854700855,68.739054290718,45.125199786894,47.4659400544959,42.940863079382,38.2561307901907,0.0925874406027086,0.110392717641691
North Dakota State,14.0,East,111.767,106.628,66.3838,5.13885,53.3595800524934,51.5367103016505,15.601644245142,18.7313153961136,33.5746606334842,74.2718446601942,30.6561679790026,29.1405805350028,42.7296587926509,44.3938531587934,0.112107623318386,0.0924887892376682
Pennsylvania,14.0,South,106.846,106.039,69.1995,0.807622,50.0934579439252,51.7956656346749,15.3431834432616,17.9627513482087,30.2816901408451,69.8833510074231,35.5763239875389,27.6160990712074,34.6417445482866,39.5046439628483,0.0962290250796897,0.0855369111819464
Wright State,14.0,Midwest,112.087,110.035,67.2466,2.05235,54.4212218649518,52.0844468198824,16.2847347527968,16.5102850956333,33.2071901608325,70.817843866171,37.9957127545552,33.5114911811865,33.6548767416935,34.152859433458,0.102399855647781,0.0978888487910502
Furman,15.0,East,107.478,109.456,65.9455,-1.97741,54.7929665343165,50.1077586206897,17.8420475188403,13.6693105991115,30.95703125,72.4714160070361,32.1043675553035,28.9331896551724,46.3414634146341,41.9181034482759,0.0657086158623956,0.113191484259309
Idaho,15.0,South,108.87,107.332,67.8029,1.53798,51.8957345971564,50.3291278113001,15.0125854009349,15.1923768428623,28.8946910356832,75.7741347905282,34.8077935755661,39.2210641799232,46.8141126908899,35.7652221612726,0.0809061488673139,0.0889967637540453
Queens University,15.0,West,115.794,117.233,69.6786,-1.43875,56.5947843530592,53.9741679085941,14.8371737097186,15.0497406683105,30.4308797127469,66.9844020797227,36.308926780341,38.7481371087928,46.79037111334,39.5429706905117,0.0824759799336791,0.0905535243601735
Tennessee State,15.0,Midwest,109.115,110.936,70.2846,-1.82078,50.1111111111111,51.2368583797155,16.5446096202039,20.0481740103647,34.9250936329588,70.1431492842536,33.5,41.6202844774273,30.6666666666667,35.9925788497217,0.12749081530863,0.102187294713024
Howard,16.0,Midwest,103.189,106.359,69.0807,-3.17035,50.6161429451633,47.3765432098765,19.8135342826284,21.2536157217167,36.6182572614108,67.98029556650249,44.177449168207,38.3333333333333,34.2575477510782,33.9506172839506,0.124144951645541,0.0849151469255503
Lehigh,16.0,South,102.735,113.117,66.9695,-10.3822,53.2846715328467,50.6059009483667,17.4797393929763,16.2538875394429,22.7799227799228,68.2727272727273,32.1729365524986,32.8240252897787,38.1807973048849,32.2444678609062,0.0967060906676352,0.119861070123266
Long Island Unviersity,16.0,West,105.655,109.61,67.8617,-3.95522,53.2972694487378,49.79633401222,19.0091174952692,18.9231033889558,34.2806394316163,67.39312657166809,34.7243688820196,34.1140529531568,28.9541473467285,33.1975560081466,0.114398761396869,0.104937209702391
Prairie View A&M,16.0,South,101.231,111.908,71.0236,-10.6768,47.875816993464,50.408719346049,16.0203895867468,19.1097209120147,27.1844660194175,65.30797101449281,42.755991285403,43.9237057220708,30.9368191721133,32.6430517711172,0.0953279380368403,0.0887079423398375
Siena,16.0,East,107.154,109.261,64.7113,-2.10717,50.557917109458,48.6118386589838,16.0021883334473,17.0963550571018,31.9188191881919,70.97329888027559,34.2189160467588,27.2393923520168,31.9341126461211,39.2875851231011,0.0898128518999749,0.103034033144134
UMBC,16.0,Midwest,108.22,109.902,66.2695,-1.682,53.9279385705848,49.152063312606,14.0898539360107,15.1851782702588,25.1046025104602,74.3016759776536,33.7861783815712,25.1554550593556,38.806851742469,37.7614471452798,0.0721918311209026,0.0796599515816857
Abilene Christian,,,101.109,107.666,67.885,-6.55718,47.469512195122,56.4637482900137,20.708545284893,23.405472112693,30.9408341416101,70.8784596871239,41.6463414634146,53.4883720930233,32.8048780487805,29.9589603283174,0.138699094001144,0.123288083556572
Air Force,,,95.6268,115.575,66.3684,-19.9479,48.9004276114844,56.3794983642312,21.8854145535688,15.0694062074362,21.4285714285714,68.7439143135346,35.0641417226634,36.5866957470011,41.7837507635919,38.8222464558342,0.0834613266873388,0.11823687947373
Alabama A&M,,,103.989,116.714,65.389,-12.7251,49.22934648582,52.0845741512805,16.5233206942261,16.6219673849379,27.4529236868186,70.4837117472853,45.4377311960543,38.5944014294223,33.9704069050555,36.5098272781417,0.0917414223619717,0.0887820216406178
Alabama State,,,99.2427,113.667,69.5691,-14.424,47.1061093247588,52.1677927927928,18.2890254529816,18.7417241028079,31.891433418151,68.5009487666034,34.887459807074,42.286036036036,38.4780278670954,40.3716216216216,0.110458470557612,0.105478785409523
Alcorn State,,,96.3799,116.55,67.3164,-20.1703,47.6609796367639,55.027027027027,19.5479535736103,18.0684066288187,26.857654431513,64.4660194174757,31.810676940011,39.4054054054054,33.6818932305999,35.0810810810811,0.110293499520829,0.104913328812495
American University,,,105.604,111.951,66.7418,-6.34674,51.5317919075145,54.4061302681992,15.6475550695204,19.1970004686768,26.9080234833659,70.6077348066298,28.6705202312139,42.0817369093231,46.4739884393064,37.037037037037,0.109482893297922,0.0894860178097172
App State,,,105.869,108.203,63.0568,-2.33374,49.9098015634396,47.5390851187029,15.280025898349,13.9851084493364,32.1022727272727,71.0144927536232,39.1461214672279,31.2101910828025,45.8809380637402,41.4012738853503,0.071997410165102,0.0771770799611525
Arizona State,,,115.772,103.255,69.3049,12.5174,51.1000523834468,52.3929471032746,17.0792543918466,18.4953734745876,29.8494242692648,65.0943396226415,39.4971189104243,34.3073047858942,38.3970665269775,40.3022670025189,0.0991283357918734,0.104706986723884
Arkansas State,,,110.646,109.252,72.0309,1.39437,51.6684607104413,50.2705627705628,19.835573535169,14.8880277334907,38.2171226831421,73.1077471059662,39.1280947255113,37.012987012987,44.8869752421959,38.7987012987013,0.0975892061798932,0.122099983546006
Arkansas-Pine Bluff,,,104.036,117.339,68.9719,-13.3022,50.0290697674419,52.6463963963964,18.6919155134741,16.4544792425346,27.8892072588348,65.7507360157017,38.4302325581395,43.5810810810811,37.1511627906977,37.3310810810811,0.0955571740713766,0.10721048798252
Army,,,100.127,118.534,67.1564,-18.407,49.2793791574279,55.1062573789847,17.1902030410635,15.4420467995994,29.6,72.3316062176166,26.8292682926829,39.6103896103896,53.3259423503326,41.6765053128689,0.0791526298218459,0.10391817657592
Auburn,,,124.796,105.801,67.2361,18.9949,52.3232323232323,53.5969387755102,14.6844792006082,16.2919517758227,37.5638841567291,67.8890876565295,44.6969696969697,35.4591836734694,39.1919191919192,39.7959183673469,0.106875203649397,0.0942760942760943
Austin Peay,,,108.042,108.317,69.4581,-0.274987,52.972027972028,52.2445363260484,15.3923702037153,17.851215284181,29.7324083250743,71.1288711288711,37.6456876456876,32.8411104548139,37.995337995338,40.7560543414058,0.119499870910633,0.0929443440416036
Ball State,,,98.5916,109.9,63.7601,-11.3079,47.0498783454988,52.6712759270899,16.2208123487475,18.6800968016221,27.1428571428571,68.96174863387981,31.6301703163017,32.0553111250786,39.294403892944,41.169076052797,0.113022434429982,0.0805808097324874
Baylor,,,122.968,106.976,67.8773,15.9926,53.8339502908514,52.5477707006369,16.4472731695169,16.0766303938659,37.4528301886792,67.7539608574091,34.7964040190375,30.2016985138004,39.555790586991,34.6602972399151,0.0921973904432077,0.0986836390171017
Bellarmine,,,116.519,126.165,64.7058,-9.6458,59.4310451453309,59.3839953943581,15.4904153055297,15.040693570853,22.4343675417661,65.7563025210084,35.0030921459493,34.2544617156016,41.1873840445269,50.5469199769718,0.0869462020374893,0.0909437285679486
Belmont,,,120.698,108.427,68.981,12.2716,61.0491071428571,49.9196572040707,18.0691201024679,17.3829509846527,28.7513116474292,70.84775086505189,32.5334821428571,30.690948044992,45.703125,49.1162292447777,0.084627524530546,0.0969785686512202
Bethune-Cookman,,,103.577,110.171,69.1142,-6.59329,50.9881422924901,49.7354497354497,19.1947854915292,15.8233360492232,30.0751879699248,68.273444347064,40.9373235460192,38.6243386243386,29.7007340485601,33.1216931216931,0.0939510577922625,0.116427387407636
Binghamton,,,97.6183,123.123,65.3559,-25.5044,50.0,54.3290043290043,18.7906851889135,13.2608549761761,20.9006928406467,70.6006322444679,41.4736842105263,34.5701917130489,30.8771929824561,39.2084106369821,0.075162740755654,0.108985974095698
Boise State,,,117.041,103.844,65.7922,13.1967,52.1984551396316,52.6546091015169,16.9442901526573,14.5515805921956,33.2635983263598,76.4044943820225,42.6619132501485,32.147024504084,43.0778371954843,36.8144690781797,0.067874822225342,0.0859422209471956
Boston College,,,103.769,102.699,66.0344,1.06945,46.9972451790634,48.8956377691883,15.4006193727356,14.874511257518,28.3034953111679,71.4031971580817,32.396694214876,34.5665378244064,42.3691460055096,38.9839867476532,0.0717420157115014,0.0918297801107218
Boston University,,,111.771,119.791,63.1782,-8.01996,57.4915824915825,53.6071616640337,17.6237059770636,13.0201521730285,27.9877425944842,72.003659652333,31.4253647586981,30.4897314375987,43.7710437710438,40.6003159557662,0.0725408478211589,0.108346266296987
Bowling Green,,,107.275,105.768,68.4101,1.50671,51.8160515524312,51.039119804401,16.5321594521888,18.3908045977011,28.6706349206349,73.1193580742227,37.0240187463386,37.1638141809291,34.2120679554774,41.1980440097799,0.116898997309856,0.0895084372707263
Bradley,,,111.736,107.77,67.3541,3.96588,51.0150963040083,52.5862068965517,13.8479178030345,19.2802199637104,27.3350471293916,71.78538390379279,36.1270171785528,37.8197997775306,40.3956272774597,39.9888765294772,0.109536584551334,0.0707980363563501
Brown,,,97.9708,108.848,66.5724,-10.8769,48.6477115117892,51.3405797101449,19.4711609164975,18.7064325421336,28.9887640449438,69.9642431466031,28.0859916782247,37.6086956521739,36.3384188626907,43.0434782608696,0.110003235389276,0.112944498367599
Bryant,,,96.6299,119.647,64.2728,-23.0175,46.8869123252859,52.7372262773723,20.2396522796031,14.5852324521422,27.6447105788423,68.9979123173278,29.415501905972,33.5158150851582,47.9034307496823,35.8272506082725,0.0898365766979774,0.122072054219016
Bucknell,,,98.2097,114.838,66.9517,-16.6281,48.4905660377358,54.7246220302376,18.9863144048585,17.9116173630741,26.9572953736655,68.7265917602996,29.7574123989218,35.2591792656587,42.7493261455526,45.6803455723542,0.106574123310291,0.111499818085136
Buffalo,,,112.513,115.311,66.5386,-2.79727,55.3517739025857,55.0837666088966,16.1429383816704,17.8061502149334,27.1341463414634,68.8591983556012,39.5670475045099,31.369150779896,45.5201443174985,41.998844598498,0.111043848867854,0.097835990191942
Butler,,,116.117,106.63,68.7512,9.48646,50.9100364014561,51.8872549019608,15.9187352960577,15.1271959719443,34.5549738219895,69.9054170249355,42.0696827873115,24.8529411764706,34.9453978159126,37.5490196078431,0.091466766341989,0.0954244629625558
Cal Poly,,,109.44,113.077,74.0608,-3.6371,51.526125193999,53.8019009504752,19.887788116941,16.2142476367417,29.9570815450644,70.4020530367836,34.9198137609933,34.1170585292646,52.6125193998965,40.8204102051026,0.0836047143769496,0.0945831112143268
Cal State Bakersfield,,,101.935,117.211,70.1406,-15.2752,45.6867196367764,54.0322580645161,18.8630535428463,17.8992478873724,30.4464285714286,64.4194756554307,42.2247446083995,42.6585094549499,28.94438138479,39.0433815350389,0.101888026435812,0.104182801805988
Cal State Fullerton,,,109.414,109.032,72.9069,0.381777,51.3636363636364,54.2908530318602,15.1995195792177,19.4653248017229,24.5671887881286,71.6577540106952,37.8282828282828,35.3031860226105,43.1313131313131,46.3514902363823,0.104781429251827,0.0815887018284981
Cal State Northridge,,,108.971,109.336,73.6311,-0.364705,51.2633624878523,51.6401590457256,17.5220187514529,16.4475553374487,31.9183673469388,73.3333333333333,34.2079689018465,34.3439363817097,33.5762876579203,48.6083499005964,0.0871968385980319,0.107446341400418
California,,,114.084,102.648,68.0861,11.4361,52.1944444444444,49.6189439303212,15.0042704462039,16.0661111239353,25.8185219831618,69.7287839020122,37.3333333333333,37.2346216657594,42.7222222222222,41.3718018508438,0.0817155651993259,0.0757138570208444
Campbell,,,111.201,112.668,69.8164,-1.46765,50.1353546291283,53.9163090128755,17.5846736625997,16.9598375426088,33.4513274336283,68.0343511450382,43.4759068760152,37.0171673819742,36.9247428262047,29.9356223175966,0.0928327949700692,0.097295910112861
Canisius,,,95.2841,114.508,64.2656,-19.2243,46.3271604938272,52.2174969623329,19.6088549460756,15.9966974560091,29.2987512007685,70.2040816326531,31.4197530864198,35.176184690158,39.5061728395062,43.9854191980559,0.074823262294236,0.105268589710511
Central Arkansas,,,110.199,108.935,68.0206,1.26419,53.997949769349,54.9376017362995,15.3984801789072,19.0478309727523,28.7564766839378,72.565543071161,31.1635058944131,30.0596852957135,48.6929779600205,52.2517634291915,0.121051636088519,0.0912337698461265
Central Connecticut,,,104.689,117.408,65.1194,-12.719,51.6419832582099,50.210463018641,16.2455365660861,13.9558971842887,27.4749721913237,69.5696721311475,31.2298776561494,26.879134095009,34.900193174501,39.2663860493085,0.082317987297953,0.0964919453757462
Central Michigan,,,105.974,115.014,67.1933,-9.04011,51.7501508750754,53.9520958083832,18.1189592954299,16.9581346051934,29.1282051282051,65.702479338843,31.4423657211829,38.9820359281437,34.0374170187085,38.4431137724551,0.0898377368965604,0.111035405153052
Charleston,,,108.037,108.222,67.6986,-0.185639,50.5349099099099,49.2358634742741,15.7923100353804,14.7144965908292,29.9256505576208,67.6592224979322,41.2162162162162,26.0825267447784,38.1193693693694,43.6576668364748,0.0820075446941119,0.0927856791396237
Charleston Southern,,,105.774,112.253,71.6195,-6.47881,54.0599455040872,46.9463621879979,18.5400831779722,12.7577800086046,29.4170403587444,69.6944673823287,30.5177111716621,43.2819968135953,49.5367847411444,31.3329792883696,0.0647067259429227,0.106467804388355
Charlotte,,,112.98,114.464,63.5022,-1.48327,53.3333333333333,50.9124087591241,18.0866749544653,13.5996993263754,33.953488372093,67.45200698080279,36.4187327823691,36.1835245046924,45.3994490358127,40.667361835245,0.0693862210529359,0.0994535835092081
Chattanooga,,,105.41,117.671,67.2721,-12.2603,54.1844838118509,51.7119244391972,14.3884892086331,13.1639369355579,21.7627856365615,68.2926829268293,29.6884544899206,42.6210153482881,49.2364080635309,44.2148760330578,0.0734731363845094,0.0831675085463544
Chicago State,,,99.4239,119.002,65.3889,-19.5783,45.3247480403136,56.6686602870813,15.6335877862595,20.0793893129771,28.2511210762332,65.0,29.9552071668533,37.9784688995215,30.8510638297872,50.8373205741627,0.123603053435115,0.0835419847328244
Cincinnati,,,111.223,93.7314,67.5565,17.4914,50.5268439538384,47.371160853722,16.981615981927,18.2039430963074,30.6343906510851,72.7272727272727,29.4029101856498,30.0364393545029,43.7531359759157,39.9271212909943,0.0903648973845474,0.0825070802206737
Cleveland State,,,109.419,124.028,69.8119,-14.6092,54.1618160651921,57.177033492823,17.839942557253,15.0845587591433,26.973026973027,63.4075508228461,37.8928987194412,35.5130249867092,50.7566938300349,44.0191387559809,0.0775243577095289,0.095270897426168
Coastal Carolina,,,101.785,108.647,66.9008,-6.8616,47.8809012875536,46.8035343035343,15.2278993574288,12.274609785079,26.9491525423729,72.3996723996724,32.2961373390558,34.9272349272349,43.0793991416309,35.7068607068607,0.0609115974297152,0.0793696572569016
Colgate,,,107.74,114.775,66.9276,-7.03577,53.2692307692308,52.2070844686649,14.6336585910986,15.2924084955211,26.5761396702231,70.6912442396313,29.7252747252747,33.7874659400545,35.0,41.6893732970027,0.0884607014510143,0.08422588063687
Colorado,,,118.932,106.825,68.7607,12.1069,53.1803962460897,52.8936392075078,14.4643864247089,15.4375255725486,29.0,70.34358047016269,35.7664233576642,36.2877997914494,35.140771637122,35.8185610010428,0.0897942031870307,0.0831591635426688
Colorado State,,,118.906,109.416,63.0593,9.49044,58.0085261875761,53.1161473087819,18.5476284405062,15.2945103632446,30.0108342361863,71.04761904761901,39.5858708891596,34.2776203966006,49.0255785627284,43.1161473087819,0.0805996419142415,0.104391102479289
Columbia,,,108.554,110.533,66.7797,-1.97949,53.6274509803922,51.165889407062,19.5204993616116,15.0375939849624,35.9818388195233,72.7777777777778,28.562091503268,33.5109926715523,37.516339869281,35.9760159893404,0.0845510001418641,0.101007235068804
Coppin State,,,92.1123,119.687,68.0913,-27.5745,45.8561852528946,55.4315913094539,22.3079604322167,17.5482878399981,30.4307116104869,65.2489626556017,38.4521633150518,42.9242513211979,35.1614868982328,43.2178508514386,0.0870202766860179,0.129809252515054
Cornell,,,119.875,119.362,71.3058,0.513448,58.5,55.884203901825,15.9780902441468,15.0696369526736,30.1929625425653,69.3348365276212,30.25,37.1932032724984,51.625,38.2630585273757,0.0801576433652851,0.091379713436425
Creighton,,,116.251,105.246,67.6121,11.0053,53.1200423056584,51.1205179282869,16.5372798673383,14.0385150522185,27.5204359673025,70.2818104184458,27.4986779481756,24.5517928286853,48.2284505552618,31.9721115537849,0.0849580037140732,0.101767876106697
Dartmouth,,,104.779,114.168,69.5997,-9.38941,51.7664023071377,52.83203125,17.6714802742821,13.8148379994388,23.7367802585194,70.2552719200888,37.9956741167988,30.7291666666667,48.6661860129776,39.1927083333333,0.0713766629971003,0.104762521495744
Davidson,,,109.622,104.688,63.6742,4.93371,52.5902211874272,50.3885236102809,16.1076168332076,17.7532866644641,28.5986653956149,69.6078431372549,31.8393480791618,36.5809922295278,44.0046565774156,37.0591751344889,0.0982415020477369,0.092257248115895
Dayton,,,110.896,99.7894,67.0916,11.1064,51.7524024872809,50.9100937672366,17.3960792927352,21.5693811432651,27.1123491179202,70.3306523681859,47.5409836065574,35.7970215113072,41.5488976823064,40.9266409266409,0.123441875789358,0.101037834275987
DePaul,,,107.149,100.307,66.2965,6.84187,49.8069498069498,49.2945823927765,17.7633210489587,18.6399524773489,30.1094890510949,68.9493433395872,35.2454495311638,37.8103837471783,39.0512961941533,33.9164785553047,0.101966076670646,0.108425466142995
Delaware,,,104.462,115.73,63.2233,-11.2672,53.3055198973042,51.5082527034718,18.236034045705,14.0473651612574,20.8008898776418,68.94230769230771,30.6161745827985,30.1650540694365,46.2130937098845,43.4262948207171,0.0873490706390913,0.114422174404424
Delaware State,,,87.1078,114.376,65.3943,-27.2682,42.9395790902919,52.9329608938547,19.8891651272934,19.500270837095,27.7310924369748,68.0,34.0801086218601,40.5027932960894,28.9205702647658,34.7067039106145,0.11333490742927,0.0972235725496187
Denver,,,116.022,122.015,67.9548,-5.9938,53.6123853211009,56.0271646859083,14.2595410365494,12.9677359252244,29.8403193612774,67.20321931589541,34.1169724770642,36.7855121675156,38.6467889908257,37.0118845500849,0.0640934074465112,0.0839673322361271
Detroit Mercy,,,107.981,112.122,68.8426,-4.14088,49.4822888283379,52.1702838063439,16.0089841463269,14.4319797378828,33.2715477293791,69.187675070028,32.5885558583106,37.6182526432944,30.7901907356948,42.6265998887034,0.0826732614123747,0.0888857030213971
Drake,,,109.962,112.591,67.2925,-2.62899,51.3658275307981,52.6028110359188,14.9892322017148,14.6236411724047,26.5734265734266,70.0780572419775,33.5297268344938,32.0145757418011,45.6882699517943,43.3107756376887,0.0763171273684872,0.088198835821066
Drexel,,,102.384,107.126,64.2754,-4.74196,50.6530380465645,47.0670391061453,19.0738632959923,16.3901036362547,31.2096029547553,69.0026954177898,31.5729699034639,35.4189944134078,40.0340715502555,34.0782122905028,0.0891391601269993,0.111184328760558
Duquesne,,,110.724,107.281,68.6444,3.44324,52.3268698060942,52.5385054192812,17.675105461081,18.4077523195714,30.4186046511628,70.3984819734345,38.3379501385042,39.874500855676,44.3767313019391,40.3308613804906,0.107607507340778,0.0979915173230915
East Carolina,,,103.617,111.023,68.7063,-7.40571,46.4145658263305,52.2465753424658,17.0836456214236,16.2270840025221,33.3931777378815,67.3892554194156,39.1596638655462,32.1643835616438,31.1484593837535,38.7397260273973,0.0927941753809915,0.0980287186076115
East Tennessee State,,,109.689,109.244,66.1135,0.444897,55.2529182879377,50.9994288977727,15.1502791147575,18.4134161548592,28.2587064676617,72.0864661654135,34.9638688160089,36.3792118789263,37.798777098388,47.6299257567104,0.128194669432564,0.0853077254769424
East Texas A&M,,,100.697,111.52,68.2488,-10.8232,49.2234169653524,52.872582480091,19.2193068885402,16.9811091243051,25.7359924026591,67.2178988326848,32.0191158900836,34.4709897610921,46.2365591397849,37.9977246871445,0.0982860757338004,0.107044240898199
Eastern Illinois,,,96.8815,111.742,65.7112,-14.8602,45.7057057057057,50.7669616519174,18.556752319594,19.3030024128753,28.2273603082852,64.7581441263574,33.5135135135135,35.2802359882006,29.9099099099099,41.1799410029499,0.112435014054377,0.0945250118156265
Eastern Kentucky,,,109.149,120.783,67.3622,-11.6337,52.094668117519,56.0845070422535,16.91241019761,14.7625275453715,32.5268817204301,68.2854311199207,30.7399347116431,38.5352112676056,50.7616974972796,41.5774647887324,0.0869508094905375,0.103194367307451
Eastern Michigan,,,101.923,108.309,66.5844,-6.38641,49.5702005730659,50.2545248868778,17.4186524736906,15.580016934801,27.8095238095238,70.9345794392523,29.3409742120344,35.5203619909502,31.8051575931232,35.6334841628959,0.0832224507076328,0.0953187371476957
Eastern Washington,,,113.103,113.104,67.7371,-0.000387539,53.7277147487844,54.907306434024,17.6819940610096,16.1972464681004,31.2681510164569,69.1699604743083,36.0886007563479,37.2955288985823,34.7379794705565,39.0403489640131,0.0845856204445244,0.106181949068658
Elon,,,110.09,115.823,66.8795,-5.73284,52.2005571030641,53.9598438371444,15.9307735476746,16.4135242612405,32.1828358208955,66.4756446991404,33.5376044568245,34.6346904629113,43.2311977715877,44.5064138315672,0.0960673919996138,0.0941363891453502
Evansville,,,101.942,114.791,67.0477,-12.8493,49.2682926829268,55.0568181818182,19.0851164302492,15.4054667329004,22.0355731225296,69.77687626774849,29.7560975609756,31.4204545454545,43.109756097561,43.1818181818182,0.0731023739873297,0.111370730839757
Fairfield,,,105.821,113.926,67.0081,-8.10506,48.784046692607,50.9952854897852,15.3438588005017,16.8287483618406,35.7594936708861,70.859167404783,27.6750972762646,30.3823991618648,35.408560311284,35.9350445259298,0.0958428716864183,0.0868435410116373
Fairleigh Dickinson,,,100.829,118.46,63.9281,-17.631,47.1428571428571,55.1712992889464,18.1464158821286,16.1123043673177,31.957773512476,72.65625,32.7950310559006,36.2637362637363,45.1552795031056,40.530058177117,0.0749409505456638,0.0979585282132605
Florida A&M,,,97.9116,110.931,68.3078,-13.0199,49.2317148125384,51.183970856102,21.5413547607127,19.1478708984113,30.7845084409136,69.120654396728,37.4308543331285,39.6478445658773,37.6767055931162,34.4262295081967,0.114789532171598,0.124558854058543
Florida Atlantic,,,109.634,106.321,69.6875,3.31231,52.2180652057723,49.4906166219839,17.6141457933743,15.4804734936614,31.5695067264574,71.72774869109949,33.2977017637627,36.1930294906166,38.161411010155,35.2278820375335,0.0803531908615269,0.106229642155917
Florida Gulf Coast,,,105.579,112.179,67.6106,-6.59985,51.9877675840979,53.4127843986999,15.915682647547,16.4968733060248,31.1033883579496,71.7948717948718,29.0519877675841,38.2990249187432,38.3792048929664,46.1538461538462,0.109532085636208,0.0916492961445824
Florida International,,,107.434,109.657,71.6326,-2.22286,50.5675368898978,52.8538812785388,17.7236750421354,20.0106008540239,33.9252336448598,65.18026565464899,38.5925085130533,35.9018264840183,32.7468785471056,45.148401826484,0.121492933756573,0.111011190452085
Florida State,,,118.431,104.935,70.5071,13.4961,52.3170731707317,52.2332506203474,15.2296577545747,18.984337921215,30.7692307692308,65.9395973154362,34.6829268292683,32.7047146401985,50.5853658536585,44.863523573201,0.110109159943047,0.093656067077994
Fordham,,,104.614,104.156,64.4418,0.457711,48.6111111111111,49.937343358396,17.1865646824077,17.239773860991,34.1107871720117,73.1117824773414,26.4184397163121,30.2631578947368,38.2978723404255,42.3558897243108,0.10801463252411,0.0893914200199534
Fresno State,,,107.434,104.361,68.2471,3.07272,50.6211180124224,51.4929424538545,18.1401676802679,18.2331941811924,27.8564683663834,69.43430656934311,33.8226990400903,28.6102062975027,40.9373235460192,43.9739413680782,0.0962824284568066,0.106980476063118
Gardner-Webb,,,95.5753,121.995,69.2665,-26.4199,47.7738722905682,56.9474248927039,19.8273933571168,15.3061825203396,23.1763619575254,63.4335596508244,30.2870533099004,35.2467811158798,39.8359695371998,40.9871244635193,0.0861855815760658,0.116797946616745
George Mason,,,113.086,105.618,63.4085,7.46798,53.0630630630631,49.3760635280771,15.881510983882,15.6325844794324,31.055900621118,71.651376146789,41.1411411411411,28.644356211004,35.4354354354354,42.7112875779921,0.0766693633704649,0.0950899246997324
George Washington,,,117.571,107.952,69.2123,9.61911,54.6463603510583,52.2554347826087,17.918178837208,17.8292548727554,36.234458259325,71.8606782768103,35.5188435725348,34.945652173913,46.7217346411977,43.2065217391304,0.103596418587332,0.112044195210333
Georgetown,,,114.63,103.737,66.2381,10.893,49.6452103395844,49.9497739829232,15.7594833667987,16.2370434688229,32.5403568394223,68.5383980181668,37.2529143436391,33.9025615268709,35.1748606183477,41.2355600200904,0.0955120204048407,0.0916047104791882
Georgia Southern,,,110.212,116.262,70.1302,-6.04971,51.39545884579,52.3328523328523,14.6393372517429,18.7765412576702,28.7901990811639,64.81033091202579,39.6404919583728,41.3660413660414,48.9120151371807,39.4901394901395,0.112977494008016,0.0903024335909141
Georgia State,,,99.3552,112.301,67.8852,-12.9454,44.1867124856816,50.6117908787542,15.9282744972638,16.3626819835529,27.6991150442478,66.3577386468953,37.1706758304696,34.9276974416018,42.4398625429553,39.0433815350389,0.0975003469226453,0.0863988222730372
Georgia Tech,,,107.701,107.112,70.7365,0.589101,50.0,49.9223200414293,18.6241676623865,15.5724968165015,29.94555353902,69.3480101608806,33.3153055705787,34.2309684101502,33.1530557057869,44.3811496633868,0.0843697233862327,0.112642556223109
Grambling,,,96.885,108.657,67.6388,-11.7716,48.8073941562314,50.0,21.2112754674853,20.7926318727323,30.2912621359223,67.5337186897881,41.1449016100179,40.0,38.1633870005963,35.1603498542274,0.110242813284957,0.122336961577821
Grand Canyon,,,111.017,97.8255,68.0469,13.1915,51.6776677667767,47.4438202247191,17.6416179755003,17.3257833825885,31.3390313390313,74.6618575293057,39.4939493949395,38.9887640449438,38.8888888888889,38.2022471910112,0.095201570149119,0.0929456087711778
Green Bay,,,112.571,116.05,62.9359,-3.47923,54.8977061376317,53.5857716580608,15.9726042638941,13.1539093937952,25.0825082508251,70.4031465093412,41.5995040297582,37.4067699368904,37.2597644141352,43.3161216293746,0.0647805312250814,0.0939564956699654
Hampton,,,102.474,111.672,65.3977,-9.19771,45.684086905461,52.0075282308657,17.0371623102893,17.1874902130272,32.8840970350404,69.9588477366255,39.2248972401644,46.4868255959849,37.0522607163829,33.6260978670013,0.0947065787248436,0.0932032996974651
Harvard,,,106.63,105.418,63.0423,1.21217,53.1901041666667,50.4142766093053,17.431116749869,17.1001461786689,26.8292682926829,71.830985915493,25.7161458333333,26.5774378585086,40.1692708333333,38.6870618228171,0.110323523733348,0.102049259453347
Holy Cross,,,100.841,117.274,65.5996,-16.4333,49.7939964685109,54.7699214365881,15.296554598159,14.0708691335629,21.8595450049456,73.0030333670374,31.489111241907,27.5533108866442,37.2572101236021,39.0011223344557,0.0828563374066947,0.0965840146101707
Houston Christian,,,102.897,114.031,64.4517,-11.1345,49.7183979974969,54.2291541691662,18.8546811511143,17.5667930943442,29.8896690070211,67.51054852320681,35.982478097622,30.7138572285543,36.4831038798498,37.372525494901,0.097879492314528,0.106121975877857
IU Indianapolis,,,105.461,119.347,73.2656,-13.8854,52.2018802572984,58.2156973461321,15.8585137073152,19.1808280314734,28.6719437115215,64.44906444906451,21.6724393864424,46.583850931677,42.10786739238,35.742518351214,0.105871083129842,0.101441330697631
Idaho State,,,109.53,116.607,65.5606,-7.07705,51.8496420047733,54.4780545670225,16.9881875139298,14.709888313811,32.7800829875519,72.17962760131431,37.9474940334129,37.9596678529063,41.8854415274463,36.9513641755635,0.0767687773953097,0.102028181570541
Illinois State,,,110.576,103.908,66.7396,6.66872,53.5934868051656,49.9714122355632,16.8276943919569,16.3523357933141,28.6407766990291,74.7427502338634,31.8360471645143,33.1046312178388,42.4480628860191,34.5340194396798,0.0836631133611418,0.0884166993475703
Incarnate Word,,,108.808,117.294,65.5464,-8.48619,50.2212389380531,54.4613350958361,17.1500355016658,15.6753509203124,32.1243523316062,67.9678530424799,34.007585335019,41.6391275611368,39.0644753476612,35.3602115003305,0.0781036648642744,0.0928505106778087
Indiana,,,120.371,103.231,66.1343,17.1408,56.1070831009481,48.9634478996181,15.0711532330522,15.0711532330522,26.8641470888662,70.7495429616088,34.9693251533742,36.9885433715221,50.5298382598996,36.7703218767049,0.069095440976147,0.0820798191461612
Indiana State,,,106.226,109.086,68.0814,-2.8596,52.8612716763006,50.2137894174238,19.5976506718768,14.8655350218382,26.2230919765166,68.2352941176471,27.4566473988439,28.7546766435061,45.2023121387283,34.3666488508819,0.0855604748845352,0.114239963672648
Iona,,,103.981,111.711,68.8049,-7.73029,51.8694049499737,48.9075203252033,17.200640544687,16.6183271929137,27.7826468010517,68.7866108786611,29.2785676671933,28.760162601626,45.8662453923117,40.7012195121951,0.0949618696737925,0.106608136709258
Jackson State,,,100.005,118.868,69.5262,-18.8631,45.6869834710744,52.9791459781529,19.4313473353336,16.4679610314701,29.7147385103011,62.7731092436975,37.396694214876,41.8570009930487,43.2851239669422,39.7219463753724,0.0880549073148016,0.110915315944606
Jacksonville,,,103.077,114.543,63.431,-11.4658,50.0296735905045,54.7898640296663,17.1975370488976,14.9654083463858,31.6851664984864,70.8602150537634,32.7596439169139,42.7070457354759,37.3887240356083,35.2286773794808,0.0958800738124378,0.102474999524404
Jacksonville State,,,105.179,108.553,65.4179,-3.37377,49.7139224411952,49.6235884567127,17.0041275309565,16.2241216809126,29.8298298298298,71.9635627530364,43.1023521932613,38.7076537013802,38.1436745073109,42.9109159347553,0.0878806591049433,0.0899606747050603
James Madison,,,109.156,113.08,66.066,-3.92373,53.137039075399,48.9299090422686,17.3022986844008,12.7222784444123,30.6289881494986,70.5084745762712,35.9383599339571,40.7704654895666,42.4876169510182,38.1487426431247,0.0758710423594044,0.0943761746421859
Kansas City,,,92.0592,117.155,69.8612,-25.0956,45.7471943295924,56.2677254679524,18.1691472945393,16.4269002936931,26.3644773358002,64.07061266874351,29.1789722386297,31.4237095859331,36.7985823981099,38.9676687464549,0.0886057046144656,0.108517098909851
Kansas State,,,113.273,106.305,72.7009,6.96835,53.3070088845015,52.4626865671642,17.4420142986416,17.0609994231858,29.2105263157895,66.0542432195976,26.8509378084896,35.1741293532338,40.9674234945706,38.5572139303483,0.0952537188639406,0.100333917203351
Kent State,,,111.814,110.323,70.2963,1.49125,51.8587360594796,52.0744680851064,18.0884225315011,16.3322650041709,35.8391608391608,70.3637976929902,44.3441317047265,39.8404255319149,44.9814126394052,42.7127659574468,0.0908811520393379,0.0979057821486587
LSU,,,119.797,106.598,66.6827,13.1986,52.7821522309711,50.8928571428571,15.5959237926451,13.9122729286664,32.9953917050691,68.3028286189684,40.8923884514436,37.8061224489796,34.4356955380577,37.9591836734694,0.0841825431989366,0.0952591936198494
La Salle,,,105.688,111.585,65.867,-5.89755,45.3872437357631,54.951895868704,18.2142727040909,17.1457020387843,33.6879432624113,67.64705882352939,37.4715261958998,31.4657611771364,31.4920273348519,42.2184493491794,0.100542785326582,0.101028499265358
Lafayette,,,100.747,115.953,66.8212,-15.2062,49.2667794698252,53.5853251806559,15.3186789440196,15.1265951955052,25.8416742493176,71.3444553483808,32.4309080654258,30.6281267370762,39.8195149464185,38.0211228460256,0.0792345462621703,0.0787543368908844
Lamar,,,103.111,109.402,65.6478,-6.29065,47.7629285299245,50.9397278029812,18.054450343739,17.3239234512178,35.6873822975518,70.5699481865285,27.9488669378268,44.3940375891121,33.9337594421848,37.4594944912508,0.0918376664883833,0.11427527818725
Le Moyne,,,102.006,113.817,69.5782,-11.8112,52.6519666269368,49.2773019271949,19.1133280499744,14.9643373269311,25.1734390485629,70.948275862069,39.4517282479142,32.6552462526767,40.8224076281287,39.6680942184154,0.0792503845974547,0.110950538436437
Liberty,,,117.649,113.74,64.0245,3.90845,59.8139833226427,53.0746268656716,13.7408917045973,17.2289642142258,19.1037735849057,67.4273858921162,31.302116741501,26.2089552238806,48.6209108402822,37.0746268656716,0.094072258593012,0.0808598627232069
Lindenwood,,,100.495,109.003,72.4425,-8.50731,47.9508196721311,49.1199119911991,18.6700446209502,18.4418044666598,33.2465277777778,68.24686940966009,38.5792349726776,37.4037403740374,30.655737704918,32.9482948294829,0.114576557453753,0.112294155910849
Lipscomb,,,106.915,109.731,69.3943,-2.81661,54.0570175438597,53.1885651456844,16.0114905991359,17.7068248978679,25.790987535954,69.8202459791864,26.0416666666667,28.9719626168224,47.9166666666667,40.1869158878505,0.0965398697889073,0.093714312624354
Little Rock,,,102.772,115.723,66.7133,-12.9518,49.4586894586895,51.7613636363636,18.4921500822901,18.5414624825095,31.4744801512287,63.4030418250951,27.7492877492877,33.0681818181818,30.997150997151,40.3409090909091,0.111446024495935,0.106021660471796
Long Beach State,,,105.603,111.367,68.5867,-5.76445,50.6186726659168,53.6678403755869,17.9859876607759,17.5212334576551,26.2404580152672,72.2107438016529,30.7086614173228,42.2535211267606,34.7581552305962,35.3286384976526,0.0910918238116816,0.095274611639769
Longwood,,,103.47,112.596,68.506,-9.12613,49.7046662728884,53.8056930693069,19.1028648267295,19.7782186337351,34.5666991236612,72.2792607802875,41.3467217956291,42.1410891089109,34.7903130537507,42.6361386138614,0.115292542767383,0.109021400273759
Louisiana,,,100.118,113.393,63.2918,-13.2744,47.1389645776567,52.6143790849673,16.8339421451455,18.2525327753544,28.4090909090909,67.8321678321678,28.7193460490463,45.8110516934046,40.4904632152589,36.2448009506833,0.0898440732465629,0.0780224846614888
Louisiana Tech,,,102.935,105.834,64.3419,-2.89948,47.4373259052925,48.7096774193548,18.2260398386749,17.9304824358856,36.2745098039216,68.4981684981685,33.1476323119777,36.3636363636364,33.3704735376045,46.8035190615836,0.103937686647579,0.0999969212770543
Loyola Chicago,,,103.356,113.512,65.6045,-10.1561,49.8046875,52.0249221183801,19.758293268542,12.9277000040113,30.4659498207885,70.304114490161,34.765625,33.6448598130841,47.7120535714286,44.2886812045691,0.0614294964729613,0.108647691523073
Loyola Maryland,,,104.24,119.059,68.2602,-14.8186,50.4424778761062,54.6972269383135,15.4954824893829,15.3029920236763,27.5893675527039,70.98393574297191,29.8672566371681,32.7108092812677,47.2345132743363,39.5585738539898,0.0885456142250454,0.0866207095679792
Loyola Marymount,,,106.507,105.812,67.0108,0.69567,51.8466703973139,48.8617886178862,17.5087485224068,16.5724518099786,26.6666666666667,67.9856115107914,31.0576385002798,32.4661246612466,40.4029099048685,36.2059620596206,0.0870755942558197,0.0903526327493183
Maine,,,91.6109,111.952,64.7857,-20.3409,49.5757180156658,50.6455399061033,19.100438961911,19.3988833206909,19.7979797979798,65.7114624505929,38.3812010443864,33.9201877934272,37.0104438642298,36.7957746478873,0.119377743511944,0.0950047875449221
Manhattan,,,104.408,120.875,67.9116,-16.467,47.8653530377668,53.9311408016444,15.6259137533772,16.6551655574919,28.5714285714286,63.0414746543779,34.0448823207444,25.693730729702,37.1100164203612,38.0267214799589,0.11274985672347,0.0823401443291734
Marist,,,99.5711,102.653,66.3875,-3.08209,49.3394600804136,45.593635250918,16.9247187014397,19.4709153202404,29.1139240506329,71.7350746268657,25.6748994830557,37.5764993880049,34.5778288340034,36.780905752754,0.106341152902851,0.0998508477961046
Marquette,,,111.834,102.195,68.9327,9.63881,50.4861821903787,50.5693581780538,16.001675106485,19.3078063268331,29.7071129707113,65.3133274492498,32.7533265097236,32.0393374741201,42.0675537359263,39.648033126294,0.131804431317879,0.096979849130212
Marshall,,,112.055,115.244,69.3562,-3.1885,54.8895899053628,50.2934898612593,16.5665485786654,16.2927213294313,31.8559556786704,66.18644067796609,29.2323869610936,41.1419423692636,44.3217665615142,39.5944503735326,0.0862555835087539,0.100859703467908
Maryland,,,111.143,106.908,66.2101,4.23522,48.1353223228556,54.4023479188901,18.5618000418772,14.9399853995597,33.8099243061396,70.9259259259259,36.387852956846,35.752401280683,46.9898774640384,43.2764140875133,0.0706253855251914,0.0950726343608346
Maryland Eastern Shore,,,94.6377,115.487,63.1472,-20.8488,47.7584059775841,50.7462686567164,23.7686484431915,17.8898356086282,32.3770491803279,66.358024691358,29.4520547945205,43.0348258706468,33.4993773349938,39.7388059701493,0.0861550156789459,0.137848025086313
Massachusetts,,,108.737,111.338,69.9852,-2.60119,53.0753459764223,52.8782894736842,17.8413090791842,16.8095225300266,33.3038869257951,73.8604651162791,37.0066632496156,44.5723684210526,35.366478728857,42.7083333333333,0.0907112341134428,0.101888921729317
Memphis,,,107.146,104.623,70.2556,2.52339,48.7029501525941,48.7689889994762,18.8874837855294,18.5835472648427,35.2693602693603,64.35224386113461,34.6897253306205,42.3782084861184,33.6724313326551,43.2163436354112,0.117232657979148,0.112890707683624
Mercer,,,111.796,113.766,68.9937,-1.96991,53.1050493325595,52.543810062182,15.0429132612217,16.9791298195967,32.6129666011788,66.79425837320571,39.1758560650029,29.7343131712832,39.1758560650029,42.0576596947428,0.102271951544939,0.0883709095873749
Mercyhurst,,,101.244,111.916,64.8713,-10.6724,49.4603345925526,50.1478415138971,14.2886060274103,18.6704452091495,26.4220183486239,70.1040681173132,25.5801403130059,42.5783560023655,31.0847274689692,33.6487285629805,0.106211971470417,0.0771584725480157
Merrimack,,,106.55,107.406,63.5032,-0.855903,49.1189427312775,46.689802455953,14.8425547461923,20.3685520516978,24.8424842484248,60.1031814273431,38.1607929515419,37.1062466631073,46.0903083700441,32.6214628937533,0.127417623821159,0.0721576507661042
Middle Tennessee,,,109.174,109.834,65.8336,-0.660221,51.5680473372781,50.9501187648456,17.1248879178612,14.9527044946516,30.6784660766962,71.5139442231076,32.7218934911243,35.6888361045131,45.3254437869822,35.332541567696,0.0843615422502305,0.0934544030915727
Milwaukee,,,106.507,115.334,67.431,-8.82686,49.8684902682798,55.5,15.2243963947135,15.8315042264045,33.0464716006885,70.7798617966436,32.0883745397159,35.8888888888889,38.1378221988427,40.2222222222222,0.0943352169242983,0.0840610843879886
Minnesota,,,114.629,103.728,62.5325,10.9016,54.2014302741359,51.8883878241263,16.6244720565428,17.1148694623405,27.191235059761,70.2439024390244,35.9356376638856,27.28297632469,47.1990464839094,41.7136414881623,0.101512263000129,0.0877811356377925
Mississippi State,,,112.71,105.711,69.6901,6.99873,51.4880952380952,50.9397590361446,16.0802282354975,12.7950203164174,29.8274445357436,69.2989524576954,30.6547619047619,32.289156626506,40.1289682539683,39.4698795180723,0.0799688769776087,0.0950981239733725
Mississippi Valley State,,,90.3553,121.686,67.0545,-31.3304,45.1841359773371,55.5122494432071,21.9141473191916,17.0591837870943,26.3825929283772,64.4699140401146,33.8810198300283,50.7795100222717,30.1983002832861,42.4832962138085,0.100662546628807,0.1238238405434
Missouri State,,,108.981,112.124,65.5408,-3.14306,51.0749564206856,52.0496535796767,16.7075578959967,16.9469211896356,31.9626168224299,67.9487179487179,43.7536316095293,40.2424942263279,41.2550842533411,35.796766743649,0.0995751301537909,0.0957453174555682
Monmouth,,,106.094,106.993,67.1461,-0.898526,49.6091714434601,50.0527426160338,16.5977880770325,19.8994986084852,31.2013828867761,67.24436741767761,32.725377800938,32.2257383966245,34.3929129755081,38.2911392405063,0.11243662890893,0.0910201281643716
Montana,,,106.776,108.495,69.6641,-1.71946,55.8297347316471,50.5356186395287,19.5619667516932,14.3079133315742,20.6858407079646,70.3835860838537,36.7674275138803,32.6191751472951,41.8260333127699,38.0289234065345,0.0764652417392324,0.113055970915061
Montana State,,,110.991,107.991,65.9305,3.00056,53.603071470762,51.6538688718252,14.7201583686004,15.6845825375776,27.0381836945304,71.7647058823529,30.2421736562315,29.5924394565859,44.6544595392794,34.3177790903721,0.0964424168977266,0.0786767085218296
Morehead State,,,106.89,117.231,65.413,-10.3417,49.1520467836257,50.1663893510815,18.009437637993,15.4366608325654,35.7699805068226,64.1941391941392,37.719298245614,35.6073211314476,30.5263157894737,39.0460343871326,0.0895524234196904,0.10587966083875
Morgan State,,,99.4165,121.197,70.7686,-21.7804,45.828025477707,51.6731016731017,17.8311902449834,16.4756026824992,30.7462686567164,64.86199575371549,42.6751592356688,50.9009009009009,35.1592356687898,31.8532818532819,0.0604800604800605,0.0943697495421633
Mount St. Mary's,,,99.4449,109.057,67.5695,-9.61216,50.6169212690952,47.2175848636617,22.406570062069,15.33330959756,32.3017408123791,70.8695652173913,33.3137485311398,37.3400111296605,42.5969447708578,44.9081803005008,0.0849740686675924,0.12722374526768
Murray State,,,116.307,112.176,71.6196,4.13131,53.7532133676093,52.2784176264397,16.1710499291976,16.0413356249527,33.0396475770925,68.72284969591661,39.1259640102828,32.8993490235353,44.7814910025707,27.3410115172759,0.0825847737025867,0.0942590610846278
NJIT,,,96.5701,113.446,67.8814,-16.8763,46.7421314191055,50.0268240343348,17.0738582432565,16.1994557995317,26.2380538662033,67.8787878787879,33.1860850358918,37.8755364806867,40.1435670900055,40.6652360515021,0.0929627861223128,0.0961842688097197
Navy,,,107.405,105.557,65.1732,1.84759,53.2467532467532,48.031945236737,16.8275845200898,18.2951064259115,31.6161616161616,73.0839416058394,39.5513577331759,25.6132344552196,33.1168831168831,45.8071876782658,0.114466708654099,0.0924538800667722
Nevada,,,115.721,104.42,66.1665,11.3007,49.7135416666667,51.047261009667,14.9228641921753,17.3521676653201,32.0201173512154,72.7508650519031,46.6145833333333,40.2792696025779,32.34375,42.4274973147154,0.0984735515006914,0.0871946425182333
New Hampshire,,,95.2904,116.006,67.5234,-20.716,46.6686674669868,53.4461152882206,16.5356728632243,15.8099693519856,25.719591457753,73.1019522776573,28.5114045618247,35.8395989974937,43.0972388955582,36.9047619047619,0.0886395003012965,0.0907129389048356
New Haven,,,96.1432,112.226,63.3767,-16.0831,48.7134909596662,51.8163804491413,17.7646604124943,17.0900530550578,21.5077605321508,73.1818181818182,31.7107093184979,27.6750330250991,39.8470097357441,38.3751651254954,0.0950072028389726,0.0927585116475177
New Mexico,,,117.114,101.308,69.8536,15.8067,53.6235662148071,49.6451965065502,15.3006918573709,19.114777363846,30.3650934995548,72.4199288256228,36.3399374348279,34.8799126637555,41.762252346194,48.1441048034934,0.110874578676601,0.0864821713677488
New Mexico State,,,108.725,110.327,67.0023,-1.6019,48.567335243553,48.7001209189843,15.0264670726848,14.6723079160896,32.5301204819277,69.6854146806482,34.8424068767908,44.1958887545345,38.6819484240688,41.2938331318017,0.0829744309737479,0.0895516724533743
New Orleans,,,109.746,111.938,69.7853,-2.19224,49.6193583469277,49.0138067061144,20.461351679482,14.8495885606367,35.5674709562109,65.5442443226312,46.3839042958129,39.5463510848126,33.7139749864057,40.1873767258383,0.082449750438419,0.11094024011871
Niagara,,,99.6462,118.139,62.1728,-18.4927,50.4911591355599,52.8236040609137,18.9410948279381,16.6006721911527,24.7535596933187,67.0678336980306,26.5880812049771,33.756345177665,40.4715127701375,40.4187817258883,0.0881740621300567,0.103958307820005
Nicholls,,,105.794,112.022,68.2592,-6.22813,50.6284153005465,54.3689320388349,17.4246105473774,20.4887809061026,28.1085814360771,66.2589194699286,34.4808743169399,37.9211878926328,43.879781420765,38.6636207881211,0.126682864084608,0.091925110761755
Norfolk State,,,101.389,116.764,68.2838,-15.3746,49.2966751918159,51.7207792207792,18.7030566839532,18.8063884888369,32.4768756423433,67.7139761646804,43.5421994884911,45.3246753246753,30.6265984654731,41.6233766233766,0.0940319424441847,0.107465077079068
North Alabama,,,99.5492,118.81,64.8774,-19.2609,48.0448717948718,55.1860890787065,17.5418474264086,14.5192521775505,31.1608961303462,67.7208287895311,37.5641025641026,30.3233679072605,33.6538461538462,43.2580841976815,0.095535599829979,0.110108826922688
North Carolina A&T,,,105.227,116.206,68.5789,-10.9786,50.6722151088348,52.9411764705882,18.5704364824198,14.0950127318089,31.7256162915327,71.3577799801784,42.2535211267606,37.4549819927971,32.6504481434059,38.0552220888355,0.0740759793204558,0.0967103063350395
North Carolina Central,,,100.099,121.231,65.8196,-21.1316,47.4803664921466,54.539762053851,18.1392588245494,19.8998339457556,29.9792531120332,60.6256742179072,39.2670157068063,36.8816530995617,33.9005235602094,40.6386975579211,0.115237644297137,0.094430847410154
North Dakota,,,106.834,116.347,67.2633,-9.51235,49.4464944649446,56.5328054298643,14.0721984448876,19.3604768413741,27.4193548387097,67.63565891472871,37.8492356352135,43.7782805429864,40.6431207169215,42.8733031674208,0.112936114908015,0.0730499473412956
North Florida,,,106.977,124.437,70.5068,-17.4599,52.9379157427938,56.3157894736842,17.8551861357017,12.7339311975547,25.1923076923077,62.3735050597976,28.7694013303769,31.3784461152882,51.6629711751663,38.9974937343358,0.0641310303065256,0.11165258513798
North Texas,,,103.385,100.921,65.0988,2.46364,45.9821428571429,48.4460694698355,16.741091390381,21.3198514287758,33.5083114610674,67.5803402646503,39.5647321428571,45.0944546008531,32.3102678571429,38.6349786715417,0.131162396933185,0.0925291091092285
Northeastern,,,107.519,118.124,69.656,-10.6042,52.4245689655172,56.3896848137536,16.3779382251851,16.7931535604715,27.2811059907834,69.8364008179959,29.364224137931,41.89111747851,37.7693965517241,35.1862464183381,0.099651680468732,0.0927314248806256
Northern Arizona,,,105.154,119.631,63.8614,-14.4768,51.6804058338618,56.8986568986569,16.0017896738451,16.5808018002013,23.3050847457627,66.6304347826087,31.7691819911224,32.7228327228327,36.6518706404566,40.04884004884,0.0968529374995888,0.0842199456518163
Northern Colorado,,,112.286,110.411,68.7615,1.87507,55.7279909706546,50.0860091743119,15.4388766886271,12.3898195369547,27.1966527196653,75.7722007722008,27.4830699774266,38.7614678899083,41.4785553047404,34.9770642201835,0.056141369776826,0.0856639866422258
Northern Illinois,,,97.0681,114.294,67.5149,-17.2258,47.5712435233161,55.5800756620429,21.6983208399684,16.2607941378284,30.3393213572854,69.97742663656891,38.2772020725389,38.2723833543506,45.0129533678756,37.7049180327869,0.0807861110032237,0.117036289017491
Northern Kentucky,,,109.571,110.148,70.2672,-0.57683,53.2172995780591,54.2382271468144,16.297232630581,18.5996117556769,32.2350845948353,68.359375,35.8649789029536,37.2299168975069,44.8839662447257,38.1163434903047,0.116924743803891,0.0880321430183739
Northwestern,,,117.524,104.15,65.1206,13.3738,51.7366511145671,50.9655532359081,13.0537908141237,17.5396295818638,28.1164695177434,65.2914798206278,33.9035769828927,34.812108559499,33.9554173146708,40.187891440501,0.0883710237244798,0.0731191719141635
Northwestern State,,,102.275,112.476,64.8226,-10.201,48.6226777706598,53.0366806975346,18.2896152939903,16.8631271930662,25.979381443299,67.3780487804878,40.1665598975016,36.3199037883343,33.9525944907111,37.9434756464221,0.0942501066681951,0.106477147533258
Notre Dame,,,115.53,106.648,66.0147,8.88209,52.2790439132852,51.7927170868347,16.9522800459521,13.9522979029887,31.2386156648452,73.3333333333333,34.0744858254586,36.1904761904762,43.5241801000556,47.3949579831933,0.0657138945601514,0.0909518395723835
Oakland,,,115.279,115.06,69.8804,0.21852,52.7027027027027,54.7099652949926,14.6967935814929,15.0596773736286,31.2900274473925,65.5971479500891,38.102808691044,24.5909766980664,34.0222575516693,41.7451660882499,0.101153857057806,0.0762055963484818
Ohio,,,107.908,113.479,68.8802,-5.57153,50.9465478841871,52.9854910714286,15.4573484069887,16.0211422698576,28.3834586466165,67.2162948593598,36.9153674832962,38.0580357142857,38.1403118040089,33.203125,0.080810453677874,0.0826897665541036
Oklahoma,,,124.17,105.824,66.3013,18.3465,55.0876338851022,51.2189176011702,14.4256417916818,15.3219094769638,33.5616438356164,66.9650122050448,35.9298928919182,34.0321794246709,43.8169425511198,39.7367137981472,0.0909071509357461,0.0823712682187747
Oklahoma State,,,120.049,107.487,72.1075,12.5624,52.0673076923077,52.8719397363465,15.9489148969544,15.9489148969544,31.3322368421053,69.2857142857143,39.375,32.4858757062147,35.8653846153846,42.7966101694915,0.0963411610526689,0.0910788287262626
Old Dominion,,,106.043,113.044,69.0167,-7.00102,50.6544502617801,50.7647679324894,15.4915590863952,14.4764426790246,26.0642919200695,69.6678321678322,34.7120418848168,42.035864978903,36.282722513089,36.4451476793249,0.0798852477104711,0.0922431865828092
Ole Miss,,,114.068,101.452,66.4096,12.6154,50.4493850520341,50.5147058823529,14.0184274489854,16.4439031659652,28.3292978208232,67.4603174603175,33.0179754020814,41.2254901960784,35.5250709555345,42.6470588235294,0.101952199628984,0.0855082964630192
Omaha,,,106.162,114.166,67.0607,-8.00425,52.1765417170496,52.7377521613833,16.0633526619002,14.0616887787974,25.5406797116375,71.2328767123288,34.4619105199516,33.6023054755043,40.8706166868198,45.5331412103746,0.082068219207216,0.090575290710403
Oral Roberts,,,102.049,114.941,67.8028,-12.8926,49.6517701683111,53.6475869809203,18.5008126971986,14.6763552920929,28.4080076263108,68.1948424068768,34.8229831688915,39.0572390572391,45.5600696459663,36.5881032547699,0.0822258342097715,0.108040921694235
Oregon,,,111.65,104.63,65.9637,7.01983,49.4511525795829,50.8856682769726,17.649193029271,15.7297847687932,32.3396567299006,67.7007299270073,34.9615806805708,32.0450885668277,42.8100987925357,42.1363392377885,0.0908207811055323,0.102992638367099
Oregon State,,,109.206,109.851,65.183,-0.645209,50.4574042309891,50.3366131538063,17.7138736139908,15.3249797169386,26.7672007540057,67.87564766839381,43.1103487707261,35.1113412739513,44.253859348199,41.5328845157949,0.0820337149553773,0.10727485801857
Pacific,,,110.728,105.289,64.3551,5.43868,52.1588946459413,50.0580720092915,20.0629713699934,15.1326548046179,35.2250489236791,75.1143641354071,30.5123776626367,36.3530778164925,35.3483016695452,42.8571428571429,0.0820092260379293,0.0990944814624979
Penn State,,,114.082,111.898,67.5186,2.18391,53.008356545961,58.4239130434783,15.6102532034023,17.6947083789308,25.9259259259259,68.8541666666667,33.8161559888579,27.5,38.050139275766,43.4239130434783,0.102833121992739,0.0861574805885112
Pepperdine,,,105.263,113.393,68.6666,-8.13061,47.62313860252,54.267963263101,18.3243892861817,16.5633440820552,29.0654205607477,65.9824046920821,33.8487972508591,28.4710967044841,39.2325315005727,40.3565640194489,0.0847205530633857,0.109470377553813
Pittsburgh,,,113.74,106.138,63.6038,7.60162,51.0268562401264,53.3590308370044,17.2878769345472,16.2161217607074,33.8821490467938,71.9230769230769,30.3844128488678,30.9471365638767,42.6013691416535,40.9691629955947,0.100651790238873,0.0945940436041263
Portland,,,106.081,108.949,68.5223,-2.86752,51.2201885745979,52.6970954356846,19.6671709531014,16.9974192400107,28.0701754385965,67.5266903914591,34.3871325568497,32.5726141078838,35.3854686633389,45.643153526971,0.0832072617246596,0.107235027142476
Portland State,,,103.52,101.993,68.0458,1.52725,50.5541871921182,48.7971391417425,16.9231854050346,18.000115385355,30.0102774922919,73.60084477296729,37.1305418719212,42.7828348504551,34.4211822660099,39.6618985695709,0.103590407630818,0.0953852268283771
Presbyterian,,,103.192,112.264,64.2296,-9.07155,50.951503990178,51.1682242990654,19.3295678870117,15.7426377636487,33.0927835051546,69.3501454898157,39.3492940454266,37.1495327102804,27.9926335174954,36.3317757009346,0.0817022972543794,0.102127871567974
Princeton,,,105.476,112.644,63.5693,-7.16872,49.6026490066225,51.998730964467,17.0784110487984,14.2777712948154,27.2630457933972,71.5217391304348,34.635761589404,34.010152284264,44.5033112582781,41.3705583756345,0.0713888564740769,0.10214097926291
Providence,,,121.081,109.292,71.3204,11.7886,54.9657534246575,51.3673655423883,16.6622424601311,13.1501031180446,31.7307692307692,69.1546077684692,36.692759295499,32.7256153144941,40.5088062622309,38.514129443938,0.0722847283196864,0.103730627080228
Purdue Fort Wayne,,,105.379,113.196,67.7326,-7.81665,52.5618374558304,56.0668229777257,14.5360090912497,19.0816339273449,22.8915662650602,65.491452991453,30.565371024735,28.5463071512309,45.4063604240283,44.0797186400938,0.114889418934276,0.0734293242753849
Quinnipiac,,,104.204,108.434,69.9431,-4.23003,48.1520041644977,48.9310529128808,15.8754738840425,17.3896086764512,34.0929009640666,68.0365296803653,33.8365434669443,30.6253340459647,33.6803748047892,35.3821485836451,0.110577722718331,0.094059888619327
Radford,,,106.296,113.969,70.6631,-7.67386,51.3474770642202,53.0494821634062,17.060567357604,18.5135277644329,29.8085688240656,67.8115799803729,42.3738532110092,39.9884925201381,45.4128440366973,37.9171461449942,0.102175925383453,0.0970202594237372
Rhode Island,,,105.875,103.396,65.7849,2.47903,50.1144164759725,50.4196642685851,19.2110099284284,21.0898373052918,31.043956043956,68.1948424068768,38.3867276887872,42.5659472422062,43.4782608695652,41.4868105515588,0.126351141094065,0.118835831586611
Rice,,,108.607,113.837,65.5928,-5.22904,48.5327963176064,51.0059171597633,17.876187090549,15.6924483266467,35.3410097431355,65.470417070805,33.8895281933257,40.414201183432,44.1311852704258,35.5029585798817,0.0949672439185415,0.109694784419278
Richmond,,,111.319,110.519,67.7107,0.800429,52.6951151038742,52.0413870246085,14.3079133315742,17.7324302929017,24.9762583095916,69.0322580645161,36.8893879842785,35.1230425055928,42.5603593486805,45.6375838926174,0.0994517254522532,0.0778725774767643
Rider,,,95.6937,120.136,65.8459,-24.4418,42.7659574468085,55.1552795031056,16.9066532573168,15.2757863836207,32.6227988878591,67.1772428884026,30.0911854103343,32.5465838509317,27.4772036474164,39.9378881987578,0.0896976780532886,0.0994828792954655
Robert Morris,,,110.784,109.082,64.522,1.70206,54.9131378935939,50.0287191269385,18.5528313389837,15.8751031044912,37.5,71.2121212121212,28.0130293159609,40.0919012062033,40.7166123778502,36.0137851809305,0.0817663443032527,0.102805637574265
Rutgers,,,110.474,106.559,66.9152,3.91477,47.515690376569,53.0073221757322,15.0927245183562,17.0750525147971,29.7800338409475,66.9117647058824,36.1401673640167,31.3807531380753,34.6234309623431,38.9644351464435,0.0910068762002376,0.0837984107586347
SE Louisiana,,,99.6973,110.27,65.5385,-10.5727,46.73304293715,52.3659305993691,18.4118513647658,19.069417484936,28.639391056137,68.5774946921444,40.3235843186061,41.198738170347,39.4523957685128,37.8548895899054,0.103187298857479,0.100658198395286
SIU Edwardsville,,,99.5179,107.103,64.4349,-7.5847,49.4826536822885,45.6469165659008,17.9341805148257,17.1000325839036,30.1096709870389,68.3768656716418,30.5538648813147,34.3409915356711,36.2142422398052,38.4522370012092,0.103747148908439,0.106353861192571
Sacramento State,,,105.891,114.189,71.6768,-8.29779,47.0291146761735,55.0378567268492,14.0675340006394,17.1171392735053,25.2132701421801,66.5644171779141,41.2358882947118,36.2259755387303,35.5912061794415,43.739079790332,0.103784953641081,0.0919800300041809
Sacred Heart,,,107.201,118.769,68.4977,-11.568,51.9935344827586,53.5007610350076,17.6653709784817,14.5238488199373,28.5843101893598,69.1021126760563,31.0344827586207,27.0421106037544,50.7004310344828,43.531202435312,0.0792209935632943,0.101530353819624
Saint Joseph's,,,107.305,102.783,68.1015,4.52242,49.2946283233858,47.5571725571726,16.8581108999256,15.1581333301852,31.4414414414414,69.13372582001679,30.3852414541508,26.2993762993763,45.3065653825285,39.8648648648649,0.0793322865878853,0.0972764942684784
Saint Peter's,,,102.99,110.514,65.5795,-7.52442,46.3519313304721,48.1068289384719,17.6644563587991,20.0953448485421,36.983669548511,65.343347639485,35.4996934396076,46.4503042596349,38.749233599019,35.5645706558485,0.132348373330452,0.0929139600523992
Sam Houston,,,113.5,107.932,70.1335,5.56848,52.409312398484,51.0106681639528,16.6983011961991,16.4144773798331,35.9633027522936,70.0367647058824,34.6507850568489,37.1139809096013,35.9501894964808,41.6058394160584,0.100757454809927,0.0903505815431737
Samford,,,109.641,113.589,67.3187,-3.94752,53.0689056166763,51.8600777345919,13.3731802793696,12.9883405591,25.281954887218,74.250936329588,41.9224088013897,32.9261521377013,45.6861609727852,35.9244863964464,0.0630175041941516,0.0760058447532516
San Diego,,,108.226,113.2,68.0748,-4.97363,51.2405609492988,54.6839729119639,17.5087138274836,18.8982942899823,28.1135531135531,65.45086119554199,25.782092772384,38.8261851015801,43.6893203883495,40.0677200902935,0.110240050024897,0.100049793299906
San Diego State,,,113.294,96.8883,68.8113,16.4061,52.6946107784431,48.197706171491,17.2201041395758,20.2303022925094,29.4957183634634,68.93287435456111,38.9765922700054,38.5035499726925,33.7506804572673,47.2965592572365,0.108898344944361,0.0973887637713799
San Francisco,,,113.654,109.434,66.0255,4.22055,51.2451577199779,50.7583682008368,15.8503282784266,14.1304979373656,31.4079422382671,70.9188224799286,40.1217487548423,29.5502092050209,46.098505810736,35.7740585774059,0.0753006797978037,0.0924989832084132
San Jose State,,,112.174,117.177,65.2056,-5.00286,49.671592775041,57.1308724832215,15.149990827154,17.4224894512271,29.3212669683258,63.5306553911205,33.4428024083197,35.3467561521253,38.3141762452107,39.261744966443,0.087585884469484,0.0823780751226498
Seattle U,,,102.254,97.7411,67.691,4.513,49.4301994301994,48.3342906375646,16.9961723496155,21.1164565555829,24.6268656716418,68.1904761904762,34.5299145299145,32.854681217691,38.974358974359,37.4497415278576,0.112371387435474,0.0969203216630965
Seton Hall,,,110.504,94.7978,65.1684,15.7064,47.6326742976067,47.2575057736721,16.684426159448,21.4709418609289,35.6401384083045,68.0851063829787,35.2757544224766,42.0900692840647,26.7950052029136,42.378752886836,0.13858102602383,0.0943627381149106
South Alabama,,,107.076,110.219,64.683,-3.14294,52.6785714285714,50.0,13.1012493331514,18.2127216108582,25.1734390485629,68.7992988606486,39.2261904761905,25.2777777777778,36.6071428571429,64.3333333333333,0.1176134883317,0.0838678461099463
South Carolina,,,112.554,105.018,66.4274,7.53543,50.2964959568733,51.5616866215513,14.4524104393669,14.6342017656483,27.1559633027523,67.8798908098271,36.711590296496,33.9927121290994,44.4743935309973,35.8146798542426,0.0799881835637917,0.0931680547191892
South Carolina State,,,95.2569,118.803,68.7401,-23.5459,46.8282465589467,53.9203860072376,20.7788511145505,18.7863585419224,31.3931297709924,62.3667377398721,41.0532615200479,51.9300361881785,33.2734889287852,38.9022919179735,0.0977270166574751,0.108163882514099
South Carolina Upstate,,,98.9832,111.38,67.5644,-12.3971,48.2957827845176,50.9565217391304,18.2050638951251,16.3943451743734,29.1666666666667,68.5934489402697,32.8134026574235,36.0,35.6441363373772,36.1159420289855,0.0871102519712977,0.105706822616856
South Dakota,,,104.332,114.595,69.9062,-10.2633,49.9410029498525,54.5403899721448,16.5718966274528,15.8596374600838,28.6821705426357,69.7314049586777,45.1917404129793,30.974930362117,35.929203539823,30.0278551532033,0.0840465817495459,0.0987666045418393
South Dakota State,,,108.003,112.313,66.8622,-4.31015,52.0058139534884,51.8252543387193,16.1342327704476,14.5157517401832,30.3448275862069,74.9,29.7093023255814,34.4703770197487,38.8372093023256,47.0377019748653,0.0809240515132165,0.0950857605280294
Southeast Missouri State,,,102.192,108.03,68.9489,-5.83784,49.8558246828143,48.8036809815951,16.8601027041468,18.0949271275491,29.5387634936212,71.7611336032389,38.8119953863899,47.9754601226994,35.9861591695502,33.1901840490798,0.0911870343435543,0.0987859538721838
Southern,,,104.67,114.424,69.9894,-9.754,49.1466666666667,53.1879194630872,16.5508626746819,18.6029912003837,31.4236111111111,68.7199230028874,39.84,42.8970917225951,32.16,37.3601789709172,0.114651528501165,0.0883307495845555
Southern Illinois,,,103.801,99.2396,68.9584,4.56126,49.1502920870951,49.0120746432492,17.043831892071,18.5060373090851,30.9123117803366,72.7031802120141,31.2798725438131,31.4489571899012,29.2087095061073,41.5477497255763,0.112863980625778,0.0968711088771862
Southern Indiana,,,95.5432,114.152,67.5771,-18.609,43.7238493723849,49.3983152827918,17.1712665748625,16.4471770205008,31.408573928259,66.2027833001988,37.1787208607292,36.1612515042118,39.7489539748954,27.1359807460891,0.0899939874706647,0.0946488488915611
Southern Miss,,,105.261,109.427,69.3458,-4.16582,49.0415335463259,51.3535462912832,18.3642825506908,17.7593414784328,32.5459317585302,71.2160979877515,43.2374866879659,43.6383324309691,28.7007454739084,39.4152680021657,0.104568385347463,0.100247377688477
Southern Utah,,,106.571,113.705,70.3041,-7.13427,50.7462686567164,53.2485110990796,20.2986665374787,14.7758789831289,28.7698412698413,66.41294005708849,33.134328358209,29.8321602598809,35.4626865671642,29.5073091499729,0.0736371673913307,0.124020492448557
St. Bonaventure,,,113.728,111.558,67.3463,2.16989,52.4038461538462,53.2908704883227,16.7899750043144,17.1017252033335,34.4919786096257,70.1642335766423,29.8582995951417,33.9171974522293,30.9716599190283,40.7112526539278,0.108221854802345,0.0944157745600704
St. Francis (PA),,,99.5186,121.778,70.0264,-22.2596,48.9424206815511,58.8908981314045,18.4473104827087,18.4473104827087,27.4881516587678,66.9256381798002,30.8460634547591,38.3363471971067,37.7790834312573,40.8679927667269,0.105483291323999,0.0932177923328366
St. Thomas-Minnesota,,,114.04,108.157,68.3234,5.88354,59.4312246082414,50.8503401360544,13.823534687386,17.076131084418,22.2936763129689,72.94685990338161,34.4167150319211,30.3854875283447,46.5467208357516,41.156462585034,0.107622674901794,0.0755750339310378
Stanford,,,117.087,103.706,66.8217,13.3809,51.7048481619606,51.1707595659623,15.5452329485352,18.3047417559674,32.3159784560144,69.9416342412451,35.6952583910495,40.3198172472873,44.2194992008524,33.5808109651628,0.115439451777584,0.0717472289932392
Stephen F. Austin,,,112.668,104.235,65.8347,8.43383,51.6639828234031,47.9574223245109,14.1136539835056,17.6298584361437,33.8503649635037,71.4421252371917,30.3811057434246,29.9769850402762,39.5598497047772,34.9827387802071,0.101090878013344,0.0796029619138896
Stetson,,,105.272,117.811,66.739,-12.5385,53.1466512702079,55.2688172043011,18.1224567048358,15.141478186808,26.6090297790586,68.159688412853,32.4480369515012,30.4301075268817,44.7459584295612,41.0752688172043,0.0908488691208479,0.114507428787735
Stonehill,,,91.722,109.045,66.4213,-17.3226,46.9174208144796,47.7897574123989,19.4115718246043,13.3543983068531,27.4705349048051,72.8783902012248,27.3190045248869,30.2964959568733,40.4977375565611,32.3989218328841,0.069156705517632,0.112081557218231
Stony Brook,,,105.188,110.706,66.3297,-5.51725,50.2280501710376,50.6697728596389,16.797354045115,17.1442020637457,28.0442804428044,67.64705882352939,28.3922462941847,35.4105998835178,45.8380843785633,39.8369248689575,0.0941444621997597,0.101576919741846
Syracuse,,,114.648,104.91,67.4691,9.73826,52.6133333333333,50.2609603340292,15.9604831098074,17.4073257713197,29.1814946619217,66.40625,35.1466666666667,32.5678496868476,37.1733333333333,35.8559498956159,0.0895233896810729,0.0990182946472473
Tarleton State,,,104.27,108.651,69.2877,-4.38066,48.3008181246067,53.5833891493637,20.0223306695437,23.3844764210711,31.5352697095436,64.8648648648649,41.9131529263688,47.6892163429337,24.2290748898678,40.6563965170797,0.136493081256037,0.100362559747086
Temple,,,111.683,111.19,64.9916,0.492956,50.1732101616628,50.6609195402299,13.7152127025483,15.5340760358611,29.8279158699809,69.6618357487923,40.5889145496536,35.5172413793103,35.7390300230947,35.9195402298851,0.086027319818851,0.0811114729720596
Tennessee Tech,,,102.533,115.861,66.8765,-13.3282,48.8895939086294,51.5196662693683,19.0904573864379,15.0631554172442,31.3291139240506,69.2543411644535,35.4695431472081,31.2872467222884,36.4847715736041,36.1144219308701,0.0789769606945788,0.109835508250739
Texas A&M-Corpus Christi,,,104.835,105.114,66.078,-0.278946,49.4582536647546,50.0660938532716,19.3846907342725,19.0238055344323,31.6851664984864,71.2328767123288,41.1089866156788,46.3317911434237,31.3575525812619,34.897554527429,0.104656707953652,0.10620335881011
Texas Southern,,,101.702,115.037,68.8352,-13.3356,49.7239263803681,52.5258673158856,18.5395736643616,16.4023037781216,28.6585365853659,68.8442211055276,38.2208588957055,44.0657334144857,32.4539877300613,43.2136335970785,0.0914552695507384,0.106366454803576
Texas State,,,103.978,110.624,66.0812,-6.6466,49.9417249417249,52.0327669902913,18.5917939246421,18.5917939246421,33.9051463168517,71.5291750503018,33.974358974359,39.0776699029126,24.5920745920746,37.5606796116505,0.116443340896442,0.115954083161583
The Citadel,,,100.666,120.953,64.4258,-20.2873,49.535153980244,57.54662004662,16.2933817594835,14.7296206618241,27.926267281106,68.6131386861314,30.0406740267286,33.2750582750583,47.821034282394,44.0559440559441,0.0791969330104923,0.0958434221146086
Toledo,,,114.516,111.362,67.8628,3.15428,54.4961240310078,54.3801229508197,14.6254753279482,17.8655806313705,29.5097132284921,66.4562669071235,30.4392764857881,26.5881147540984,32.5064599483204,39.9590163934426,0.109353553990505,0.0895529104695903
Towson,,,105.752,104.763,63.5165,0.988746,46.519659936238,48.5099337748344,15.8970107768079,15.1655532257278,35.9966358284273,70.9188224799286,30.4463336875664,29.3046357615894,34.9096705632306,41.3907284768212,0.0907007363339348,0.0741210318427854
Tulane,,,107.713,111.353,66.943,-3.63946,49.3979357798165,50.6896551724138,15.4282421275455,17.1171325379572,22.7561196736174,64.1673931996513,43.5206422018349,38.0901856763926,44.954128440367,40.4774535809019,0.109093191375247,0.0871832617266622
Tulsa,,,121.107,108.111,67.9426,12.9956,56.5241532481954,49.9194847020934,15.2462407325633,15.5251353801102,32.0,71.0247349823322,40.9217101610217,31.9377348362856,46.4741810105497,40.0429414922169,0.0929648825156297,0.090640760452739
UAB,,,109.82,106.377,69.1426,3.44314,48.3577564426478,50.0261917234154,12.5444376514277,16.1220931549034,32.5311203319502,72.3441615452151,36.4325416877211,28.6537454164484,30.5204648812532,39.1828182294395,0.105971061748523,0.0810633335597672
UAlbany,,,103.292,118.225,65.2839,-14.9327,51.3456937799043,53.2228360957643,18.5445423621964,15.8127684164905,32.680412371134,67.5876726886291,24.9401913875598,35.6660527931246,37.6196172248804,40.5770411295273,0.10191618182057,0.10401754639419
UC Davis,,,108.013,107.122,69.023,0.890922,51.7623649801023,51.7425519955031,17.915373433387,19.7563015305521,25.187969924812,69.4627709707823,40.5343945423536,39.1231028667791,43.4906196702672,38.0550871275998,0.104169589888366,0.0920464048582541
UC Irvine,,,104.963,98.7469,68.2445,6.21627,49.6863565081025,45.4365079365079,17.8841791697412,18.4963515618595,31.0704960835509,68.4532924961715,35.8076319916362,26.7857142857143,28.2279142707789,37.7976190476191,0.106255636631959,0.0918258588177421
UC Riverside,,,103.984,111.674,68.5235,-7.6898,48.9337175792507,52.658371040724,19.0466137724375,15.481237795331,27.7673545966229,70.0,35.043227665706,40.893665158371,38.328530259366,31.7307692307692,0.0722457763782113,0.101331738296712
UC San Diego,,,107.875,103.343,67.2611,4.53205,52.5797872340426,48.4317825405123,16.4861625992586,16.7997580834836,26.0053619302949,72.9617304492512,31.1702127659574,29.273392577104,42.2872340425532,43.910088865656,0.105726477538723,0.0873587420341147
UC Santa Barbara,,,113.77,110.598,64.4399,3.17129,54.673457159976,52.5814382298709,18.7176229107614,16.8116508650181,30.974358974359,74.4593202883625,36.7884961054524,42.4093423478795,44.0982624325944,35.7098955132145,0.0904114944775682,0.106538950249242
UIC,,,110.47,104.279,66.4286,6.19091,49.6810207336523,49.8892580287929,17.5618053719816,19.5846311216339,36.4924712134632,67.9382379654859,36.4699627857523,34.3300110741971,33.0143540669856,46.3455149501661,0.113094348730562,0.0933258243589596
UL Monroe,,,101.196,122.248,70.1927,-21.052,47.7848101265823,57.0870244919229,16.9262690318244,15.6638125018265,25.1351351351351,64.52540747842761,38.7802071346375,27.6706618030224,41.9447640966628,42.2615945805107,0.0841637686665303,0.102399251877612
UMass Lowell,,,102.658,117.286,69.2188,-14.628,49.8006833712984,53.5068493150685,18.0025406811445,14.1794204827294,32.7102803738318,70.64579256360079,34.9088838268793,28.3287671232877,31.2642369020501,35.013698630137,0.0745266469058133,0.11856512007743
UNC Asheville,,,104.713,111.449,64.8403,-6.73632,50.9609423434594,51.2874251497006,17.4036583200142,15.4755562320826,29.7741273100616,68.6686686686687,39.9876007439554,38.7425149700599,33.6019838809671,38.3832335329341,0.0756018976583707,0.0928533373924956
UNC Greensboro,,,107.617,119.83,67.724,-12.2133,51.9880174291939,56.2436028659161,14.9607674152683,13.6539533940551,28.1167108753316,70.9471766848816,41.9934640522876,30.603889457523,40.1960784313725,46.6223132036847,0.0788594667973481,0.086970726239361
UNC Wilmington,,,111.9,106.111,65.1405,5.78884,50.8665511265165,47.2367655613729,14.9515772781333,14.9515772781333,35.3803849679193,73.3519034354689,41.6522241478914,31.7626527050611,38.9370306181398,42.6410703897615,0.0760164366666037,0.0765198567769786
UNLV,,,115.066,109.103,69.8688,5.96291,53.3386752136752,52.5773195876289,16.9360794288996,17.3299417411996,31.0251798561151,68.4684684684685,41.7200854700855,45.2523060227889,35.8974358974359,36.7878459034183,0.101966576406553,0.0892754574546648
USC,,,113.561,102.766,70.6333,10.7955,50.357732526142,49.7420020639835,17.3690363525024,16.3447085676112,32.3584905660377,67.7787532923617,44.1937259218492,33.3849329205366,34.0671436433682,40.4024767801858,0.0850637421366141,0.102432778489117
UT Arlington,,,102.634,101.499,64.9127,1.13479,47.198275862069,47.4468085106383,20.747966674507,18.0244865621015,34.8605577689243,69.9029126213592,42.487684729064,40.8510638297872,30.6650246305419,32.4012158054711,0.108939204496218,0.110424739102985
UT Martin,,,100.455,105.259,64.235,-4.80401,48.7032569360676,46.144578313253,21.3937391851502,20.0346075192701,36.9606003752345,67.9744525547445,37.394451145959,35.8433734939759,47.1049457177322,39.5180722891566,0.125342142520057,0.130879345603272
UT Rio Grande Valley,,,110.986,106.411,66.434,4.57456,54.7783534830167,47.817571348629,18.4605794703971,16.2548998453627,28.1973816717019,67.8383128295255,28.9004029936672,38.9479574706212,43.6960276338515,38.164521544488,0.0882271850013785,0.0973376008439122
UTEP,,,100.88,110.458,65.5574,-9.57819,48.258064516129,51.5339425587467,17.3773129525342,17.9672834540091,26.1491317671093,67.2008547008547,33.3548387096774,41.9712793733681,40.3225806451613,37.467362924282,0.107267363904532,0.0938589434164655
UTSA,,,99.6495,118.293,68.6297,-18.6431,44.7691408533022,53.2584269662921,17.4421587236444,14.671933514595,30.0900900900901,61.2810707456979,29.4564582115722,33.2584269662921,41.2624196376388,43.2584269662921,0.0908018262966193,0.117478069050428
Utah,,,114.685,111.039,66.0432,3.64614,52.0353508302089,53.9325842696629,16.7426222102777,13.3117570032536,29.3418647166362,68.4210526315789,31.6550615961435,29.9284984678243,37.439742903053,33.758937691522,0.07822372672015,0.0873727006055477
Utah Tech,,,110.928,112.802,66.3839,-1.87449,53.2795997776543,50.86887835703,17.6298877363824,16.8914631191517,28.1159420289855,65.52036199095019,30.6281267370762,33.0173775671406,38.2434685936631,34.333859926277,0.098764292554603,0.101533384869218
Utah Valley,,,112.843,104.019,68.7407,8.82363,55.0555230859147,49.0424895272292,20.1222044254612,21.2137390994839,34.7736625514403,68.6407766990291,38.2232612507306,39.2579293836026,32.729398012858,32.8545780969479,0.132407901761879,0.121492555021653
VMI,,,98.6135,124.886,66.8085,-26.2721,47.5516224188791,56.9532602423543,15.3098327400773,15.6670621706791,25.6363636363636,62.7551020408163,30.5604719764012,34.6220427005193,53.5693215339233,46.5089440276976,0.0979829295364948,0.085735063344433
Valparaiso,,,108.156,107.172,65.1761,0.984034,47.6254722072315,50.5479452054795,15.6666434911585,16.9181209298014,32.4576271186441,69.9637023593466,39.0717754991905,35.0684931506849,36.8051807879115,36.986301369863,0.087603420704999,0.0736981158311896
Vermont,,,106.136,112.58,64.93,-6.44367,53.149386845039,50.4057971014493,14.3358864636149,14.7674014407806,26.1996161228407,77.0168855534709,31.1036789297659,36.4057971014493,44.6488294314381,41.2173913043478,0.0685629352607669,0.0829467678329558
Virginia Tech,,,117.261,103.576,67.094,13.685,52.2388059701493,50.8474576271186,14.9474991468961,17.2299017112425,31.8879855465221,67.435669920142,34.0195573854864,28.7621982537237,39.7323726196603,39.6507447354905,0.0917436324884341,0.0778702051365246
Wagner,,,102.546,115.239,65.5258,-12.6931,49.5909376966646,50.4153354632588,18.596151778996,14.9414167472858,32.7533265097236,70.44745057232049,32.3473882945249,40.7667731629393,36.2492133417244,35.7827476038339,0.0784693109749543,0.106954745780931
Wake Forest,,,117.051,105.612,68.1405,11.4387,52.5673614641586,52.0051413881748,15.389174771668,17.8462699032788,29.695885509839,67.0774647887324,35.0788002033554,36.2467866323907,43.7214031520081,46.8380462724936,0.111215884904491,0.0892313495163941
Washington,,,117.254,102.14,67.164,15.1139,51.2321340561853,50.1515151515151,15.2917327692579,14.3662964921558,34.5679012345679,71.4652956298201,30.0640709709216,31.010101010101,34.5983242976836,38.1818181818182,0.0832892649391856,0.0824078970562313
Washington State,,,113.975,111.635,67.8918,2.33944,54.6655424395728,52.6358695652174,18.4376005381533,14.5535374806236,29.5049504950495,71.8095238095238,30.185497470489,33.0434782608696,44.8004496908375,36.6847826086956,0.0795530987686818,0.100611271972156
Weber State,,,111.582,114.222,68.5617,-2.64066,51.6731734523146,54.4831524842947,15.692650255359,16.258151165462,31.8224740321058,72.3276723276723,39.1522587841606,36.3792118789263,32.7941996653653,38.8349514563107,0.0980201577511914,0.089537644099646
West Georgia,,,101.596,114.139,69.2429,-12.5435,49.6025437201908,53.438713255685,15.8588654811617,14.6858724722001,31.5044247787611,70.9864603481625,29.1997880233174,36.8829728230727,32.9623741388447,37.3821408763173,0.0896166658846713,0.0952470323276873
West Virginia,,,110.017,96.7512,62.3119,13.2662,51.1409013120365,48.2690124858116,17.5252257036644,18.1045720079177,30.9898242368178,70.9944751381215,35.4820308043354,29.1713961407491,42.8978893325727,38.1384790011351,0.0989716603099503,0.100420026070584
Western Carolina,,,109.182,114.765,67.8577,-5.58361,50.445434298441,54.9190161967607,16.7695063694268,14.5302547770701,35.3860294117647,73.7060041407867,31.2917594654788,37.7924415116977,40.924276169265,43.6712657468506,0.0831011146496815,0.0890724522292994
Western Illinois,,,92.878,121.345,66.6318,-28.4674,44.5519019987105,54.1717049576784,17.4857037203344,14.8971856469314,26.8389662027833,65.1884700665188,37.7820760799484,34.8246674727932,33.3333333333333,34.6432889963724,0.0750141972292291,0.100371108968687
Western Kentucky,,,108.52,108.475,69.9341,0.0446488,47.4905558553697,51.1661807580175,14.4943578032426,17.1974856250692,31.7647058823529,70.47531992687391,41.23043712898,46.8221574344023,39.4495412844037,42.332361516035,0.103464547663018,0.0843562303018299
Western Michigan,,,107.778,117.011,67.7522,-9.23245,49.8841251448436,54.3554006968641,16.9124779267292,13.380754594971,30.4854368932039,70.92682926829269,32.79258400927,37.5145180023229,36.0950173812283,43.7282229965157,0.0596910985649265,0.0945109060611336
Wichita State,,,113.529,103.207,66.2822,10.3213,49.81930820857,47.4372955288986,14.8123842782478,15.9842501230459,38.5135135135135,70.73593073593071,36.1383582860093,34.4601962922574,34.1249354672173,33.6968375136314,0.0881243115288162,0.0839055944875431
William & Mary,,,110.978,109.49,72.6289,1.4883,54.2824074074074,51.8518518518519,16.5376316072652,19.0296034932915,25.959595959596,68.5302073940487,44.0393518518519,35.5119825708061,42.8240740740741,45.479302832244,0.107381333997859,0.0987727038461321
Winthrop,,,111.662,110.552,70.0549,1.11007,49.7394476289734,51.4457174031642,14.7019273868221,16.674137158225,34.1463414634146,72.3309608540925,44.0333507034914,39.0070921985816,44.0333507034914,42.7714129841789,0.0918870461676378,0.0761990138951143
Wofford,,,109.157,116.486,67.876,-7.32863,52.5013896609227,53.8284398388025,13.3957822700027,14.9489164462349,29.7872340425532,71.044776119403,36.242356864925,36.8451352907311,43.0794886047804,37.9965457685665,0.0815395442521902,0.0810541898221176
Wyoming,,,115.144,107.74,66.055,7.40407,52.0154610712314,52.2045315370484,16.3867660094392,16.6742531324118,34.7130761994356,72.5352112676056,35.6156819436775,48.4384568279241,43.014908890116,36.1910593998775,0.0953498957859179,0.0843295560719676
Xavier,,,116.918,109.46,70.3245,7.45832,51.799424184261,54.1420118343195,13.9377973000797,15.5005200276644,26.5322580645161,70.464504820333,28.1190019193858,32.5936883629191,40.595009596929,36.8836291913215,0.0903845037035473,0.0819373538247111
Yale,,,121.084,109.885,64.506,11.1998,56.4069542820348,51.8245838668374,14.0399944063767,16.3333799468606,33.4916864608076,70.8652792990142,35.7372826786864,27.2087067861716,36.0592401802962,45.3265044814341,0.0788700880995665,0.0777513634456719
Youngstown State,,,105.55,109.466,67.2757,-3.91518,53.6505086774387,52.2699757869249,18.8210560564632,17.8199360534598,30.4392236976507,69.2872117400419,31.4183123877917,35.956416464891,49.4913225613405,34.2615012106538,0.0976092002928276,0.108120960324363
